example_id,source_split,question_type,project_domain,profile_id_or_name,answer,old_technical_depth,old_personal_contribution,old_clarity,old_problem_solving,old_impact,old_role_relevance,new_technical_depth,new_personal_contribution,new_clarity,new_problem_solving,new_impact,new_role_relevance,review_status,label_action,corrected_fields,exclusion_reason,review_notes
official_high_impact_patch_impact_000012,dev_review_candidates,leadership_or_ownership,automation script,reduced_manual_work,"In my team course project, I took ownership of building the automation script that handled a repetitive data-processing step. We had a CSV file that needed to be checked and updated every day, and before the script, one of us was doing it manually, which took about 20 to 30 minutes each time and sometimes led to small mistakes.

My task was to write a Python script that read the CSV, validated the rows, and generated the updated output automatically. I also set it up to run on a schedule with cron so it would execute without someone needing to start it manually. I was responsible for the full flow of that piece: reading the input, handling bad data, writing the cleaned output, and making sure the script ran reliably on time.

I tested it with different CSV files, including ones with missing values and formatting issues, and I added simple checks so it would log errors instead of failing silently. By the end, the script reduced the manual work from about 20–30 minutes per run to just a quick review of the output, and it cut down the data-entry mistakes we were seeing before. It also gave us a working deliverable for the final demo, since we could show the scheduled automation running end to end.",4,5,5,4,4,5,4,5,5,4,4,5,project_team_approved,confirmed,,,The existing scores are supported by the answer text and rubric.
official_high_impact_patch_impact_000033,dev_review_candidates,leadership_or_ownership,automation script,reduced_manual_work,"In our team course project, I took ownership of the automation script that handled a recurring CSV data update. The task was to replace a manual process where someone had to open the file, clean the data, and run the same checks every day.

My part was to build a Python script that read the CSV, validated the rows, removed obvious duplicates, and then wrote the cleaned output back in a consistent format. I also set it up to run automatically with cron so it would execute at a set time without anyone needing to remember it. I was responsible for the full flow of that task, from writing the script to testing it with sample files and making sure it ran correctly on schedule.

One specific issue I handled was making the script fail safely if the CSV was missing columns or had bad data. Instead of breaking halfway through, it would log the problem and skip the invalid rows so the rest of the file could still be processed. I also added a simple summary output so we could see how many rows were processed and how many were skipped.

As a result, we reduced the manual work from about 20 minutes per run to just a quick check of the output, and the script consistently processed around 500 rows without needing manual cleanup. That made the final demo smoother because the data update ran automatically and reliably during our presentation.",4,5,5,4,4,5,4,5,5,4,4,5,project_team_approved,confirmed,,,The existing scores are supported by the answer text and rubric.
official_high_impact_patch_impact_000054,dev_review_candidates,leadership_or_ownership,automation script,reduced_manual_work,"In our team course project, I took ownership of the automation script that handled our CSV data processing and scheduled it to run with cron. My task was to make sure the script could take a raw CSV file, clean and validate the rows, and then generate a formatted output file that the rest of the team could use without doing manual edits.

I started by reviewing the input format and identifying the common issues we were seeing, like missing values, inconsistent date formats, and duplicate rows. Then I wrote the Python script to read the CSV, apply the validation rules, and log any rows that failed checks. I also set up the cron job so the script would run automatically at a set time each day, which meant we didn’t have to remember to trigger it manually during testing.

I owned that part end to end, so I also tested it with sample files and fixed a few edge cases, like empty lines and unexpected column order. By the time we finished, the script was processing about 200 rows in under a minute and reduced the manual cleanup we had been doing from around 20 minutes per file to just a quick review of the error log. That made our final demo much smoother because the data pipeline ran automatically and consistently.",4,5,4,4,4,5,4,5,4,4,4,5,project_team_approved,confirmed,,,The existing scores are supported by the answer text and rubric.
official_high_impact_patch_impact_000005,dev_review_candidates,design_decision,data analysis dashboard,reduced_manual_work,"In our team course project, I worked on a data analysis dashboard that pulled in CSV files, processed the data in Python, and refreshed the results on a schedule with cron. My main task was to make sure the dashboard always showed the latest data without slowing down the rest of the app.

One technical decision I made was to separate the data processing step from the dashboard display step. At first, we were thinking about reading and cleaning the CSV files every time someone opened the dashboard. I suggested instead that we use a cron job to run a Python script every hour, clean the CSV data, and save the processed output to a separate file that the dashboard could read quickly.

I chose that approach because the raw CSV files were getting larger, and I didn’t want users waiting while the app parsed and cleaned everything on page load. With the scheduled script, the heavy work happened in the background, and the dashboard only had to load the prepared data.

I implemented the Python script to validate columns, handle missing values, and generate the summary metrics we needed. Then I set up the cron schedule and tested it with a few sample files to make sure the output stayed consistent. As a result, dashboard load time went from about 8 seconds to under 2 seconds during our final demo, and we reduced manual CSV refreshes from several times a day to just checking the scheduled job once. That made the project much easier to present and gave us a reliable workflow for the team.",4,4,4,4,4,5,4,4,4,4,4,5,project_team_approved,confirmed,,,The existing scores are supported by the answer text and rubric.
official_high_impact_patch_impact_000047,dev_review_candidates,design_decision,data analysis dashboard,reduced_manual_work,"In our team course project, I worked on a data analysis dashboard that pulled in CSV files and showed basic trends for the rest of the team to review. My main task was to make sure the data refresh happened automatically instead of someone having to run the script by hand every day.

The technical decision I made was to use a small Python script with `cron` to schedule the CSV processing at a fixed time each morning. I considered making the dashboard read directly from the raw files every time it loaded, but I decided against that because the files could be messy and the dashboard would have to do extra work on each request. Instead, I set up a preprocessing step in Python that cleaned the CSV data, handled missing values, and wrote out a ready-to-use summary file before the dashboard opened.

That choice made the dashboard simpler and more reliable. For example, I added checks for empty rows and inconsistent date formats so the script wouldn’t fail halfway through. Then `cron` ran the script once a day, which meant the dashboard always had fresh data without manual steps.

The result was that our team went from manually updating the data every time we wanted to demo it to having it refresh automatically overnight. Before that, it took about 10 to 15 minutes of manual work each day to clean and reload the CSVs. After I set up the scheduled Python job, that dropped to basically zero, and we were able to complete our final demo without any data-refresh issues.",4,4,4,4,4,5,4,4,4,4,4,5,project_team_approved,confirmed,,,The existing scores are supported by the answer text and rubric.
official_strong_patch_problem_solving_000170,dev_review_candidates,automation_ownership,CLI tool,official_strong_problem_solving_214,"I worked on a Python CLI tool for a course project that let users query and manage a small dataset through a REST API and a local SQL database. I personally owned the command-line workflow end to end, so I designed the argument parsing, the API integration layer, and the database read/write logic.

The main design decision I made was to keep the CLI thin and put the business logic in separate modules. I used `argparse` for commands like `search`, `add`, `update`, and `sync`, then had the CLI call a service layer that handled HTTP requests with `requests` and SQL operations with `sqlite3`. That separation made it easier to test each part independently and avoid mixing user input handling with data access.

One issue I ran into was inconsistent API responses. Some endpoints returned nested JSON, while others returned flat objects, so I added a normalization step before saving data to SQL. I also had to debug a bug where duplicate records were being inserted during sync. I traced that to missing uniqueness checks, then fixed it by adding a unique constraint in the table schema and an upsert-style check in the Python code before insert.

I wrote tests with `pytest` for the parser, API wrapper, and database functions. I used mocks for the REST calls so the tests didn’t depend on the network, and I added a few integration-style tests against a temporary SQLite database. In the end, the tool supported 6 commands, passed 20+ automated tests, and reduced manual data entry steps from several minutes to a single command sequence during demo runs.",5,5,5,5,4,5,5,5,5,5,4,5,project_team_approved,confirmed,,,The existing scores are supported by the answer text and rubric.
official_strong_patch_clarity_000113,dev_review_candidates,teamwork_conflict,machine learning project,official_strong_clarity_157,"In my course project, I worked on a small machine learning system that predicted whether a customer would churn. It was a team project, but I personally owned the data-serving and debugging side of the backend. My main contribution was building the Python REST API that connected the trained model to the database and made predictions available to the frontend.

I implemented the `/predict` endpoint in Flask, which took customer features from the request, validated them, loaded the model, and returned the prediction plus probability. I also wrote the SQL queries to pull the latest customer records from PostgreSQL and made sure the feature columns matched exactly what the model expected during training. A big part of my work was debugging mismatches between the training pipeline and the API input. For example, we initially had issues where missing values and categorical encodings were handled differently in training versus inference, which caused inconsistent predictions. I traced that by comparing the raw API payload, the SQL output, and the transformed feature vector, then fixed it by centralizing the preprocessing logic so both training and inference used the same steps.

I added unit tests for the validation logic and API responses, plus integration tests that hit the endpoint with sample payloads and checked the returned JSON and status codes. I also tested edge cases like missing fields, invalid data types, and empty database results. After those fixes, the API became stable enough for the rest of the team to integrate with the frontend.

By the end, our project could take live customer data from the database, run it through the model, and return predictions through the REST API with consistent results. We reduced prediction errors caused by preprocessing issues to zero in our final test runs, and the full flow passed all of our test cases before submission.",5,5,4,5,4,5,5,5,4,5,4,5,project_team_approved,confirmed,,,The existing scores are supported by the answer text and rubric.
official_high_impact_patch_impact_000004,dev_review_candidates,data_pipeline_story,data pipeline,measurable_performance_improvement,"In a course portfolio project, I built a small data pipeline in Python and SQL to move raw event data through a few processing steps and make it usable for reporting. The main problem was performance: the first version was taking too long because it was doing a lot of row-by-row work in Python and repeated database queries.

I personally owned the part where I profiled the pipeline and optimized the slowest steps. I started by using Python profiling tools and timing sections of the script so I could see exactly where the bottlenecks were. That showed me two main issues: first, the script was loading more data than it needed, and second, it was transforming records one at a time instead of in batches.

To fix that, I changed the extraction step to pull only the required columns and filter early in SQL before the data ever reached Python. Then I rewrote the transformation logic to use pandas vectorized operations instead of loops, and I replaced several small queries with a single joined query. I also added a staging step so the cleaned data could be written once and reused by the next step instead of recalculating it.

The result was that the pipeline runtime dropped from about 18 minutes to 6 minutes on the sample dataset we used for the project, which was a 67% reduction. It also cut down the manual re-runs I had to do during testing because the output became more consistent and the pipeline was easier to validate. For the final demo, I was able to show the full data flow from raw input to cleaned output within the time limit, and the report query ran fast enough to refresh on demand.",5,5,5,5,5,5,5,5,5,5,5,5,project_team_approved,confirmed,,,The existing scores are supported by the answer text and rubric.
official_high_impact_patch_impact_000025,dev_review_candidates,data_pipeline_story,data pipeline,measurable_performance_improvement,"In a course portfolio project, I built a small data pipeline in Python and SQL to move raw CSV data through a few processing steps and into a cleaned reporting table. The main issue was performance: the first version was slow because it was doing row-by-row processing in Python and repeated SQL queries for each file.

I personally owned the profiling and optimization part of the pipeline. I started by timing each step and using Python profiling tools to see where the bottlenecks were. I found that most of the time was being spent in loops that cleaned and transformed records one at a time, plus a couple of inefficient SQL joins that were pulling more data than needed.

To fix it, I rewrote the transformation step to use vectorized pandas operations instead of Python loops, and I pushed more of the filtering and aggregation into SQL so the database did the heavy lifting. I also added a staging table so the data moved in a clear sequence: raw import, validation, transformation, then final load. That made the pipeline easier to debug and reduced the amount of repeated work.

As a result, the end-to-end run time dropped from about 18 minutes to 4 minutes for the same dataset, and the final load became much more reliable because I had fewer manual cleanup steps. I also added a simple QA check that compared row counts and key totals between stages, which caught two data issues during testing before the final demo.",4,4,5,4,5,5,4,4,5,4,5,5,project_team_approved,confirmed,,,The existing scores are supported by the answer text and rubric.
official_high_impact_patch_impact_000046,dev_review_candidates,data_pipeline_story,data pipeline,measurable_performance_improvement,"In a course project, I built a small data pipeline in Python and SQL where I had to move raw CSV data through a few processing steps and load it into a reporting table. The main issue was performance: the first version was slow because it was doing row-by-row cleaning in Python and then inserting records one at a time into the database.

I personally owned the part of the pipeline that handled the transform-and-load step. I started by profiling the script with Python’s `cProfile` and timing each stage so I could see where the bottlenecks were. That showed most of the time was spent in repeated string cleanup, duplicate checks, and individual database inserts. Based on that, I rewrote the processing to use pandas vectorized operations for the cleaning step, moved the duplicate filtering into SQL with a `SELECT DISTINCT` and keyed joins, and switched the load step to batch inserts instead of single-row inserts. I also added indexes on the columns used for matching and filtering, because the profiling showed those lookups were slowing down the final query.

After those changes, the pipeline went from taking about 12 minutes on the sample dataset to about 2 minutes and 30 seconds, so roughly a 4x speedup. It also reduced manual cleanup because the output table was consistent enough that my final QA checklist passed without needing extra fixes. For me, the key part was using profiling data to decide what to change instead of guessing, and then verifying the result with before-and-after timings.",5,5,5,5,5,5,5,5,5,5,5,5,project_team_approved,confirmed,,,The existing scores are supported by the answer text and rubric.
official_high_impact_patch_impact_000017,dev_review_candidates,technical_challenge,backend API,deployed_feature_with_usage,"In a course project, I worked on a backend API built with Python, FastAPI, and SQLite for a small task-tracking app. One technical problem I solved was how to handle duplicate task submissions and keep the data consistent when the same request was sent more than once.

At first, the API would sometimes create two identical records if the frontend retried a request or if I manually tested the endpoint twice in a row. Since this was a SQLite-backed project, I wanted a simple and reliable fix without adding unnecessary complexity. My task was to design the create-task flow so it would be safe and predictable.

I added a unique constraint on the task title within the same project and updated the FastAPI endpoint to check for an existing task before inserting a new one. I also made the response clearer by returning a 409 Conflict when a duplicate was detected instead of silently creating another row. On top of that, I wrote a few tests for the create endpoint to cover normal inserts, duplicate requests, and error handling.

The result was that the duplicate-task issue went from happening regularly during testing to zero duplicate records in the final demo. Before the fix, I had to manually clean up about 3 to 5 bad entries during each round of testing. After the fix, the API passed the full QA checklist for task creation, and the demo ran without any data cleanup at the end.",4,4,5,4,4,5,4,4,5,4,4,5,project_team_approved,confirmed,,,The existing scores are supported by the answer text and rubric.
official_strong_patch_clarity_000119,dev_review_candidates,deployment_story,DevOps/deployment task,official_strong_clarity_163,"In a course portfolio project, I owned the deployment and environment setup for a small Python REST API that used SQL for persistence and had automated tests. The main challenge was debugging why the app worked locally for me but failed in the shared environment and during deployment.

I started by standardizing the setup with a `requirements.txt`, a `.env` file for local configuration, and a clear project structure so the API, database layer, and tests were separated. I then set up the app to read configuration from environment variables instead of hardcoding values, which made it easier to run locally, in tests, and in deployment. For the database, I used SQL scripts to create the schema and seed test data, and I made sure the API could connect through a single config path so there wasn’t one setup for development and another for deployment.

The biggest issue I debugged was a mismatch between the local SQLite setup and the deployment environment. The API was passing tests locally, but in deployment it was failing on startup because a table name and one SQL query didn’t match exactly, and the test database had been masking it. I traced it by checking the logs, reproducing the failure with the same environment variables, and then running the failing endpoint against a clean database. After that, I fixed the SQL query, added a startup check for missing tables, and updated the tests so they used a fresh database fixture instead of relying on leftover state.

I also added a simple deployment checklist and a smoke test that hit the main REST endpoints after startup. That caught one more issue where the server was binding to the wrong host in the container. Once I changed the startup command and verified the port mapping, the app deployed cleanly.

The result was that I got the project from a flaky local-only setup to a repeatable deployment flow. After the fixes, all tests passed consistently, the API deployed successfully, and I could bring up the full stack from scratch in a few minutes instead of manually troubleshooting each time.",5,5,5,5,4,5,5,5,5,5,3,5,project_team_approved_with_corrections,corrected,impact,,"Impact was corrected from 4 to 3 because the answer shows a successful deployment/debugging outcome, but not enough measurable project, user, or team value to support a high-impact score."
official_strong_patch_technical_depth_000032,dev_review_candidates,failure_or_learning,NLP course project,official_strong_technical_depth_76,"In my NLP course project, I built a small text-processing service in Python with a REST API and a SQL database to store documents, predictions, and test cases. I owned the API design and the integration between the NLP pipeline and the database.

At first, I designed the endpoint to accept raw text and immediately run the full pipeline: tokenization, cleaning, feature extraction, and classification. It worked on a few manual examples, but when I started running the test suite, I saw inconsistent results and some requests were timing out. The main issue was that I had mixed preprocessing logic inside the API layer, so the same text could be handled slightly differently depending on the request path and database state.

I fixed it by separating the project into three layers: the REST endpoint only validated input and returned JSON, the NLP processing lived in a dedicated Python service function, and the SQL layer only handled persistence. I also added unit tests for each preprocessing step and integration tests for the API using fixed sample inputs. That helped me catch a bug where punctuation stripping was removing apostrophes in contractions, which changed the model output.

After the refactor, the tests became stable, and the API response time dropped from about 1.2 seconds to under 400 ms for the sample dataset. More importantly, I learned that in small projects it is easy to let implementation details leak across layers, but clear separation of concerns makes debugging much easier and the code much more testable.",5,5,5,5,4,5,5,5,5,5,4,5,project_team_approved,confirmed,,,The existing scores are supported by the answer text and rubric.
official_high_impact_patch_impact_000013,dev_review_candidates,data_pipeline_story,data pipeline,accuracy_or_quality_improvement,"In my course portfolio project, I built a small Python data pipeline for a machine learning model, and my main task was to move data cleanly from raw CSV files into training, validation, and test sets. The project was a simple classification problem, and the design decision I was responsible for was how to split and validate the data so we could trust the model results.

I started by loading the raw dataset with pandas, then I cleaned it by removing duplicate rows, handling missing values, and standardizing a few columns before any splitting happened. I was careful to do the split after cleaning but before any model fitting, because I wanted to avoid data leakage. I used scikit-learn’s `train_test_split` twice: first to separate out a holdout test set, and then to split the remaining data into training and validation sets. I kept the split reproducible with a fixed random seed, and I used stratification so the class balance stayed similar across all three sets.

My specific responsibility was making sure the data moved through each step in the right format for the next stage. For example, I built a preprocessing pipeline that fit the scaler only on the training set, then applied the same transformation to the validation and test sets. That way, the validation metrics were realistic and not inflated by information from the full dataset. I also added a few checks to confirm the row counts and label distribution after each split, so I could catch mistakes early.

The measurable result was that I reduced the manual data-prep step from about 20 minutes of repeated notebook work to a script that ran in under 2 minutes end to end. It also eliminated a couple of split-related errors I had seen earlier, like inconsistent label proportions between sets. By the final demo, I had a repeatable pipeline that produced the same train/validation/test outputs every time, and the model evaluation was based on a proper validation set rather than ad hoc testing.",4,4,5,4,4,5,4,4,5,4,4,5,project_team_approved,confirmed,,,The existing scores are supported by the answer text and rubric.
official_high_impact_patch_impact_000034,dev_review_candidates,data_pipeline_story,data pipeline,accuracy_or_quality_improvement,"In my course portfolio project, I built a small Python data pipeline for a machine learning model that predicted whether a customer would churn. My part was specifically the data-processing step between raw CSV input and model training, so I handled cleaning, feature preparation, and splitting the data into training, validation, and test sets.

The raw data came from a few CSV files with inconsistent formats, missing values, and some duplicate records. I wrote a Python script using pandas to load the files, standardize column names, remove duplicates, and fill or drop missing values depending on the field. For example, I imputed numeric columns with the median and dropped rows where the target label was missing, because I didn’t want to introduce noise into the model. I also encoded categorical features and scaled the numeric ones so the scikit-learn model would receive consistent input.

A key design decision I made was to create a separate validation set instead of tuning directly on the test set. I used scikit-learn’s train_test_split twice: first to split off a test set, and then to split the remaining data into training and validation sets. That let me compare different models and hyperparameters without leaking information from the test set. I also wrapped the preprocessing steps in a scikit-learn Pipeline so the exact same transformations were applied during training and evaluation, which reduced the chance of mismatched data handling.

My specific task was to make the pipeline reproducible and easy to run end to end. I added fixed random seeds, saved the processed datasets to disk, and documented the order of each step so someone else could rerun it without manually redoing the cleaning. Before that, the project required a lot of manual CSV cleanup each time we changed the data. After I finished the pipeline, the full preprocessing and split process went from about 20 minutes of manual work to under 2 minutes with one script, and it consistently produced the same train/validation/test sets for model comparison.

The final result was that I could train and evaluate the scikit-learn model on a clean, repeatable dataset, and the validation set gave us a reliable way to choose the best model before the final test run.",4,4,5,4,4,5,4,4,5,4,4,5,project_team_approved,confirmed,,,The existing scores are supported by the answer text and rubric.
official_strong_patch_personal_contribution_000067,dev_review_candidates,deployment_story,DevOps/deployment task,official_strong_personal_contribution_111,"In a course portfolio project, I owned the deployment and environment setup for a small Python REST API that used SQL for persistence and had automated tests. The main challenge was that the app worked on my laptop, but it kept failing in the shared environment because of differences in Python versions, missing dependencies, and database configuration.

I started by standardizing the setup with a `requirements.txt`, a `.env` file for local configuration, and a clear setup guide. I then debugged the API startup issues by checking logs and reproducing the failures in a clean virtual environment. That helped me find a few problems: one dependency version was incompatible with the test runner, the database connection string was being read differently in local versus CI, and one endpoint was failing because the SQL schema hadn’t been initialized before the app started.

To fix it, I separated configuration from code, added environment-based settings for development and test, and made the database initialization explicit in the startup flow. I also wrote and updated tests for the API routes and database interactions so I could verify the deployment changes didn’t break behavior. After that, I ran the full test suite locally and in the deployment pipeline to confirm the app started cleanly and the endpoints returned the expected responses.

As a result, I got the project to deploy consistently in the course environment, reduced setup time for the team, and brought the API test pass rate to 100% before submission.",4,5,5,5,4,5,4,5,5,5,4,5,project_team_approved,confirmed,,,The existing scores are supported by the answer text and rubric.
official_high_impact_patch_impact_000050,dev_review_candidates,technical_challenge,backend API,qa_or_error_reduction_fix,"In a course project, I worked on a Python backend API for a small task-tracking app, and I personally owned the debugging of an issue where one endpoint was returning inconsistent results in the test environment. The problem showed up in our `GET /tasks` endpoint: sometimes the response included duplicate tasks, and other times the ordering changed between runs, which was breaking our pytest suite.

I started by reproducing the failure locally with pytest and then added more specific logging around the database query and response-building code. The logs showed that the API was fetching the same records correctly, but the duplication was happening when I was converting the query results into response objects. I found that I was accidentally appending the same list twice: once from the raw query result and again after applying a transformation function. On top of that, the query itself had no explicit `ORDER BY`, so the output order was not stable, which explained the flaky tests.

I fixed it by removing the extra append, adding a deduplication step based on task ID, and updating the SQL query to sort by `created_at` and then `id` so the response would always be deterministic. After that, I rewrote the pytest cases to check both the exact payload and the ordering. I also kept the debug logs in place for that code path so future failures would be easier to trace.

The result was that the failing test went from being flaky to passing consistently, and our backend test suite became stable again. Specifically, I reduced the endpoint-related test failures from about 3 out of 10 runs to 0 out of 20 runs in my local verification, and the final demo for the project passed without manual reruns.",5,5,5,5,4,5,5,5,5,5,4,5,project_team_approved,confirmed,,,The existing scores are supported by the answer text and rubric.
official_strong_patch_role_relevance_000260,dev_review_candidates,failure_or_learning,NLP course project,official_strong_role_relevance_304,"In my NLP course project, I built a small text-analysis service in Python with a REST API and a SQL database to store processed results. I personally owned the part where we had to decide how to structure the API and the data flow, and that’s where something didn’t work at first.

My first design was to have the API call the NLP processing directly inside the request handler and then write the result to SQL in the same function. It worked for very small inputs, but once I started testing with longer texts and repeated requests, the endpoint became slow and sometimes timed out. I also noticed that some requests were failing when the same text was submitted twice, because I was not handling duplicate records cleanly in the database.

I debugged it by adding tests around the API layer and checking the SQL queries separately. That showed me the problem was not the NLP logic itself, but the way I had coupled everything together. I changed the design so the request handler only validated input and returned a job-style response, while the processing and database write were split into smaller functions. I also added a unique constraint on the text hash in SQL and handled the conflict case explicitly, so duplicate submissions would return the existing result instead of creating a second row.

After that refactor, the endpoint response time dropped from several seconds to under one second for the API call itself, and the full test suite passed consistently. The main thing I learned was that even in a small project, separating concerns early makes the system easier to test, easier to debug, and much more reliable.",5,5,5,5,4,5,5,5,5,5,3,5,project_team_approved_with_corrections,corrected,impact,,"Impact was corrected from 4 to 3 because the answer gives useful course-project improvements, but broader project value or real-user delivery is limited."
official_strong_patch_technical_depth_000038,dev_review_candidates,teamwork_conflict,machine learning project,official_strong_technical_depth_82,"In a course project, I worked on a small machine learning system with two other students that predicted whether a customer support ticket should be escalated. The team split the work into data preparation, model training, and the API layer, and I personally owned the backend service and the database integration.

My main contribution was designing and implementing the Python REST API that exposed the prediction endpoint. I used FastAPI because it was lightweight and easy to validate request payloads with Pydantic. I defined a `/predict` endpoint that accepted ticket text and a few structured fields, then called the trained model and returned both the prediction and confidence score. I also set up the SQL schema for storing incoming requests and prediction results, using PostgreSQL with SQLAlchemy. That let us keep a record of inputs, outputs, and timestamps for later analysis.

One design decision I made was to separate the model-loading logic from the request handler so the model would only be loaded once at startup instead of on every request. That improved response time a lot and avoided repeated initialization during testing. I also added input validation for missing fields and unexpected values, because early on we were getting failures when the frontend sent empty strings or inconsistent priority labels.

I wrote unit tests for the API routes and integration tests for the database writes. For example, I tested that a valid request returned a 200 response with the expected JSON shape, and that invalid payloads returned a 422 error. I also used pytest fixtures with a temporary test database so we could verify inserts without affecting the main data. During debugging, I found one issue where the model was receiving raw SQL NULL values instead of empty strings, which caused inconsistent preprocessing. I fixed that by normalizing inputs in one place before prediction.

By the end, we had a working end-to-end demo where a ticket could be submitted, stored in SQL, classified by the model, and returned through the API in under a second locally. Our final evaluation showed about 84% accuracy on the test set, and the API passed all of the automated tests we wrote.",5,5,5,5,4,5,5,5,5,5,4,5,project_team_approved,confirmed,,,The existing scores are supported by the answer text and rubric.
official_strong_patch_role_relevance_000240,dev_review_candidates,teamwork_conflict,machine learning project,official_strong_role_relevance_284,"In a course project, I worked on a small machine learning system for predicting whether a customer request should be escalated. The team handled the overall product together, but I personally owned the backend prediction service and the data flow between the API, the database, and the model.

My main contribution was designing and implementing the Python REST API that exposed the model predictions. I built the `/predict` endpoint with FastAPI, validated incoming JSON payloads, and made sure the request format matched the feature set the model expected. I also wrote the SQL queries to pull training and test data from the database, and I helped define the schema so the feature columns were consistent across training and inference. One design decision I made was to keep preprocessing in a shared Python module instead of duplicating logic in the API and training script. That reduced mismatches, and it made debugging much easier when we found a case where one-hot encoding was behaving differently between training and prediction.

I also wrote most of the tests for the service. I added unit tests for input validation and feature transformation, plus integration tests that hit the API with sample payloads and checked the returned prediction and confidence score. During testing, I found an issue where missing values were causing the model to fail on certain requests, so I added explicit null handling and default values before inference. I verified the fix by rerunning the test suite and comparing predictions against a known set of examples.

By the end of the project, we had a working end-to-end prototype that could take a request, query the database, run it through the model, and return a prediction through the API. The final version passed all of our automated tests, and we were able to demonstrate consistent predictions on the full test set with about 87% accuracy.",5,5,5,4,4,5,5,5,5,4,4,5,project_team_approved,confirmed,,,The existing scores are supported by the answer text and rubric.
official_strong_patch_technical_depth_000002,dev_review_candidates,testing_story,testing framework,official_strong_technical_depth_46,"In my course portfolio project, I built a small testing framework in Python for a REST API backed by SQL, and testing changed the feature design pretty early.

I originally planned to make the API tests fully independent by creating and deleting test data through the UI layer, but once I started writing integration tests, I realized that approach was slow and flaky. A few tests were failing because of timing issues and because the database state wasn’t consistent between runs. So I changed the design to use direct SQL setup and teardown for test fixtures, while keeping the actual feature under test at the API level.

I personally owned that change. I added a test utility layer in Python that opened a database connection, inserted known records before each test, and cleaned them up after each run. For the API side, I used REST calls to verify status codes, response bodies, and side effects in the database. I also added assertions for edge cases like duplicate IDs, missing required fields, and invalid foreign keys.

That testing work changed the feature implementation too. I had originally written the endpoint to return a generic 500 error for some bad inputs, but the tests showed that was hiding validation problems. I refactored the endpoint to validate request payloads earlier and return specific 400-level responses with clear error messages. I also adjusted the SQL queries to use parameterized statements after one test exposed a failure with special characters in input.

The result was that the test suite became much more reliable. I got the flaky failures down to zero in repeated local runs, and the full suite went from around 12 minutes to about 4 minutes after removing the UI dependency. It also gave me a cleaner API design, because the tests forced me to make the validation and database behavior explicit instead of relying on assumptions.",5,5,5,5,4,5,5,5,5,5,4,5,project_team_approved,confirmed,,,The existing scores are supported by the answer text and rubric.
official_strong_patch_clarity_000122,dev_review_candidates,testing_story,testing framework,official_strong_clarity_166,"In my course project, I built a small testing framework in Python for a REST API-backed application, and testing changed the feature design pretty early. I originally planned to have the API tests call the endpoints directly and assert on the response status codes, but once I started writing the tests, I realized that approach would make the suite too brittle and hard to debug.

I owned the test layer end to end, so I first wrote a few basic integration tests around the main flows: creating a record, reading it back, updating it, and deleting it. I used Python `requests` for the API calls and SQL queries to verify the database state after each request. That exposed a problem: some endpoints were returning `200 OK`, but the database values were not always updated correctly, especially when optional fields were omitted. The tests caught that the API response alone wasn’t enough to prove the feature worked.

Because of that, I changed the implementation approach. Instead of only checking the HTTP response, I redesigned the feature so each test had a clear arrange-act-assert structure with both API and database verification. I also added helper methods for common setup and teardown, and I made the test data deterministic so I could reliably compare expected SQL results. For example, after a `POST`, I queried the table by the returned ID and asserted the exact column values, not just that the request succeeded.

That led me to fix a couple of issues in the feature itself, including a bug where one field was being written as `NULL` when the request payload used a default value. After I updated the logic and reran the suite, all core tests passed consistently. In the end, I had a framework with around 20 automated tests covering the main CRUD paths, and it reduced manual verification time from about 15 minutes per run to under 2 minutes.",5,5,4,5,4,5,5,5,4,5,4,5,project_team_approved,confirmed,,,The existing scores are supported by the answer text and rubric.
official_high_impact_patch_impact_000032,dev_review_candidates,technical_challenge,backend API,measurable_performance_improvement,"In a course project, I worked on a Python backend API for a small course catalog app, and I ran into a performance problem when we started testing the search endpoint. The API was fine with a small dataset, but once we loaded a few thousand records, the response time for filtered searches jumped from around 200 ms to more than 2 seconds.

I owned the backend side of that issue. I used Python profiling tools, mainly `cProfile` and some timing logs around the request handler, to figure out where the time was going. At first I thought the bottleneck was the API framework itself, but the profile showed most of the time was actually spent in repeated SQL queries and in Python-side filtering after the data came back.

The specific problem was that the endpoint was doing an initial query for courses and then, inside a loop, making extra queries for related instructor and category data. That created an N+1 query pattern. On top of that, I had written some filtering logic in Python instead of pushing it into SQL, so the API was pulling back more rows than it needed.

I fixed it by rewriting the endpoint to use a single optimized SQL query with joins and indexed filter columns. I also moved the filtering into the database layer and only selected the fields the response actually needed. After that, I re-ran the profiler and load-tested the endpoint again.

The result was that the average search response time dropped from about 2.1 seconds to around 180 ms on the same dataset, and the number of SQL queries per request went from 12–15 down to 1 or 2 depending on the route. That made the final demo much smoother, and it also gave me a good lesson in how to use profiling to find the real bottleneck instead of guessing.",5,5,5,5,5,5,5,5,5,5,5,5,project_team_approved,confirmed,,,The existing scores are supported by the answer text and rubric.
official_high_impact_patch_impact_000053,dev_review_candidates,technical_challenge,backend API,measurable_performance_improvement,"In a course project, I worked on a Python backend API that served data from a SQL database, and I ran into a performance issue when one endpoint started getting noticeably slow as the dataset grew. The endpoint was returning a list of course records with related metadata, and in local testing it was taking around 2.5 to 3 seconds to respond, which was too slow for the demo we were building.

I owned the investigation and fix for that endpoint. First, I profiled the request path in Python to see where the time was going, and that showed the API code itself was not the main bottleneck. The bigger issue was in the SQL layer: we were making repeated queries inside a loop, so for each course we were fetching related rows one at a time. That created an N+1 query pattern. I confirmed it by logging the query count and comparing it with the number of returned records.

To fix it, I rewrote the data access layer to fetch the needed related data in one query using joins and a grouped lookup instead of per-row queries. I also reviewed the SQL execution plan and added an index on the foreign key column that the endpoint filtered on most often. After that, I re-ran the profiler and tested the endpoint with the same dataset.

The result was that the response time dropped from about 2.8 seconds to roughly 350 milliseconds, and the number of SQL queries for that request went from dozens down to 2. That made the API fast enough for the final demo, and it also removed the lag we were seeing when the dataset was expanded for testing.",5,5,5,5,5,5,5,5,5,5,5,5,project_team_approved,confirmed,,,The existing scores are supported by the answer text and rubric.
official_weak_patch_technical_depth_000163,dev_review_candidates,extension_project,browser extension,vague_tools_no_explanation,"Sure — I worked on a browser extension as part of a course project, and it was also something I could show in my portfolio. The idea was to make a small tool that helped users save and organize useful information while they were browsing.

I mainly assisted with the project, so I helped build some of the front-end pieces and supported the overall development using React. I also got exposure to Firebase and Python through the project, which helped me understand how the different parts of a small app can work together.

What I liked about it was that it felt very practical, even though it was a smaller project. It gave me a better sense of how to take an idea from a class assignment and turn it into something that looked and felt like a real product. Overall, it was a good learning experience and helped me become more comfortable working on browser-based tools.",2,2,3,1,2,3,2,2,3,1,2,3,project_team_approved,confirmed,,,The existing scores are supported by the answer text and rubric.
official_weak_patch_technical_depth_000166,dev_review_candidates,extension_project,browser extension,vague_tools_no_explanation,"Sure — I worked on a browser extension as part of a course project, and it was a nice introduction to building something practical that people could actually use. The idea was to create a small tool that helped users save and organize information while browsing.

I mainly assisted with the project, so I helped with some of the front-end work and supported the overall build. We used React for the extension interface, and I also got some exposure to Firebase and Python through the project setup. My role was mostly about contributing where needed and learning how the different pieces fit together.

What I liked about it was that it gave me a better understanding of how browser extensions work in a real project, and it helped me become more comfortable working on a team and picking up new tools. Overall, it was a good experience and it gave us a useful final result.",2,2,4,1,2,3,2,2,4,1,2,3,project_team_approved,confirmed,,,The existing scores are supported by the answer text and rubric.
official_weak_patch_technical_depth_000169,dev_review_candidates,extension_project,browser extension,vague_tools_no_explanation,"I worked on a small browser extension as part of a course project, and I helped with a few pieces of it. The idea was to make a simple tool that could help users save and organize information while they were browsing.

I mainly assisted with building some of the front-end parts in React and helped connect a few basic features with Firebase. I also got some exposure to Python on the project, mostly for supporting some of the backend-related work. Since it was a team project, I wasn’t responsible for everything, but I did contribute to the overall build and learned a lot from seeing how the pieces fit together.

It was a good experience for me because it gave me practice working on a real small product, and it helped me get more comfortable with browser extensions and working with a team.",2,2,3,1,2,4,2,2,3,1,2,4,project_team_approved,confirmed,,,The existing scores are supported by the answer text and rubric.
official_weak_patch_technical_depth_000172,dev_review_candidates,extension_project,browser extension,vague_tools_no_explanation,"Sure — I worked on a browser extension as part of a course project. It was a small tool built to help users save and organize information while browsing, and I mainly assisted with the development using React, Firebase, and Python.

My role was mostly supporting the team with building out parts of the interface and helping connect some of the basic functionality. It was a good learning experience because I got to see how the pieces of a small product fit together and how to turn an idea into something people could actually use.

Overall, it helped me get more comfortable working on a real project, collaborating with others, and using tools like React in a practical setting.",2,2,3,1,2,3,2,2,3,1,2,3,project_team_approved,confirmed,,,The existing scores are supported by the answer text and rubric.
official_weak_patch_technical_depth_000175,dev_review_candidates,extension_project,browser extension,vague_tools_no_explanation,"I worked on a browser extension as part of a course project. It was a small tool built to help users save and organize information while browsing, and I helped with the development using React, Firebase, and Python.

My role was mostly supporting the team by helping build some of the front-end pieces and contributing to the overall setup of the project. I also helped make sure the extension felt simple and easy to use. It was a good experience because I got to work on something practical and see how the different parts of a project come together.

Overall, it was a nice introduction to building a browser-based tool, and I learned a lot about working on a project from start to finish with a team.",2,2,3,1,2,3,2,2,3,1,2,3,project_team_approved,confirmed,,,The existing scores are supported by the answer text and rubric.
official_weak_patch_technical_depth_000178,dev_review_candidates,extension_project,browser extension,vague_tools_no_explanation,"I worked on a small browser extension as part of a course project. It was a simple tool built to help users save and organize information while browsing, and I helped with some of the front-end work and general implementation support.

I used React for the interface, and the project also involved Firebase and Python. My role was mostly assisting with building out features and making sure the extension felt usable and straightforward. It was a good experience because it gave me hands-on practice working on a real project from start to finish, even though it was small.

Overall, I learned a lot about how to put together a practical tool and how different pieces of a project come together.",2,2,3,1,2,4,2,2,3,1,2,4,project_team_approved,confirmed,,,The existing scores are supported by the answer text and rubric.
official_weak_patch_technical_depth_000181,dev_review_candidates,extension_project,browser extension,vague_tools_no_explanation,"I worked on a browser extension as part of a course project, and it was a good introduction to building something small but useful end to end. The idea was to create a simple tool that could help users save and organize information while browsing.

I mainly assisted on the project, so I helped with parts of the front end and some of the basic setup around the extension. We used React for the interface, and I also got some exposure to Firebase and Python through the project. My role was mostly to support the team, follow the existing structure, and help make sure the pieces worked together smoothly.

What I liked about it was that it gave me a chance to see how a browser extension comes together in a real project, even though it was still a course or portfolio piece. It helped me get more comfortable working with tools I hadn’t used much before and gave me a better understanding of how to build a small product from start to finish.",2,2,4,1,2,4,2,2,4,1,2,4,project_team_approved,confirmed,,,The existing scores are supported by the answer text and rubric.
official_weak_patch_technical_depth_000184,dev_review_candidates,extension_project,browser extension,vague_tools_no_explanation,"Sure — I worked on a small browser extension as part of a course project and also used it in my portfolio. It was a simple tool meant to help users save and organize information while browsing.

I mainly assisted with building the front end and helping connect the pieces together. We used React for the interface, and I also got some exposure to Firebase and Python through the project. My role was mostly supporting the overall build, making sure the extension felt usable and that the main features worked the way we wanted.

It was a good project for me because it gave me hands-on experience with a real browser extension and helped me get more comfortable working with a few different tools in a small team setting.",2,2,3,1,2,4,2,2,3,1,2,4,project_team_approved,confirmed,,,The existing scores are supported by the answer text and rubric.
official_weak_patch_technical_depth_000187,dev_review_candidates,extension_project,browser extension,vague_tools_no_explanation,"I worked on a small browser extension as part of a course project, and it was a good introduction to building something people could actually use. The extension was meant to help with a simple everyday task in the browser, and I mainly assisted with building out parts of the interface and helping connect the front end with the rest of the project.

I used React for the extension UI, and I also got some exposure to Firebase and Python through the project. My role was mostly to support the team, follow the existing plan, and help make sure the pieces fit together. It was a nice experience because I got to see how a small tool comes together from an idea into something functional.

Overall, it helped me get more comfortable working on a real project, collaborating with others, and learning tools that are commonly used in web development.",2,2,3,1,2,3,2,2,3,1,2,3,project_team_approved,confirmed,,,The existing scores are supported by the answer text and rubric.
official_weak_patch_technical_depth_000190,dev_review_candidates,extension_project,browser extension,vague_tools_no_explanation,"Sure — I worked on a browser extension as part of a course project, and it was a good introduction to building something practical that people could actually use. The idea was to make a small tool that helped users save and organize information while browsing.

I mainly assisted with the project, so I helped build some of the front-end pieces and supported the overall implementation. I used React for the interface, and I also got some exposure to Firebase and Python through the project setup.

What I liked about it was that it gave me experience working on a real-feeling product, even though it was a smaller project. It helped me get more comfortable with building user-facing features and working with a team on a shared goal. Overall, it was a useful project and I learned a lot from it.",2,2,3,1,2,4,2,2,3,1,2,4,project_team_approved,confirmed,,,The existing scores are supported by the answer text and rubric.
official_weak_patch_technical_depth_000193,dev_review_candidates,extension_project,browser extension,vague_tools_no_explanation,"I worked on a browser extension as part of a course project, and I mainly assisted with building out some of the front-end pieces and helping connect the extension to the rest of the project. We used React for the interface, and I also got exposure to Firebase and Python through the project.

My role was mostly to help implement small features, keep the UI simple and usable, and make sure things fit together well. It was a good learning experience because I got to see how a browser extension is put together from a practical point of view, not just in theory.

Overall, it helped me get more comfortable working on a real project with a team, and it gave me a better understanding of how different tools can be used together to build something useful.",2,2,3,1,2,3,2,2,3,1,2,3,project_team_approved,confirmed,,,The existing scores are supported by the answer text and rubric.
official_weak_patch_technical_depth_000196,dev_review_candidates,extension_project,browser extension,vague_tools_no_explanation,"Sure — I worked on a small browser extension as part of a course project. It was a simple tool built to help users save and organize useful content while browsing, and I mainly assisted with the development alongside the rest of the team.

I helped with parts of the front end using React, and I also got some exposure to Firebase and Python during the project. My role was mostly supporting the implementation, making small updates, and helping connect the different pieces together.

It was a good learning experience because it gave me a chance to work on something practical and see how a browser extension comes together from start to finish. Overall, the project went well and helped me build more confidence working on real-world style software.",2,2,3,1,2,4,2,2,3,1,2,4,project_team_approved,confirmed,,,The existing scores are supported by the answer text and rubric.
official_weak_patch_technical_depth_000199,dev_review_candidates,extension_project,browser extension,vague_tools_no_explanation,"I worked on a small browser extension as part of a course project, and it was a good introduction to building something practical that people could actually use. The extension was meant to help users save and organize information while browsing, and I mainly assisted with the development alongside the rest of the team.

My part was mostly helping with the front-end pieces and making sure the extension felt simple and usable. I also got some exposure to how we connected it with Firebase and used Python for a small part of the project. It was a nice experience because I got to see how different pieces of a project come together, even in a smaller build.

Overall, it helped me get more comfortable working on a real project, collaborating with others, and learning tools like React in a hands-on way.",2,2,4,1,2,3,2,2,4,1,2,3,project_team_approved,confirmed,,,The existing scores are supported by the answer text and rubric.
official_weak_patch_technical_depth_000205,dev_review_candidates,extension_project,browser extension,vague_tools_no_explanation,"Sure — I worked on a browser extension as part of a course project, and it was a good introduction to building something practical for everyday use. The idea was to create a small tool that could help users save and organize information while browsing.

I mainly assisted with the project, so I helped out with pieces of the front end and some of the setup around connecting the different parts together. We used React for the interface, and I also got some exposure to Firebase and Python through the project.

What I liked about it was that it felt like a real product, even though it was a small project. It helped me get more comfortable working on a team, following an existing codebase, and learning how browser extensions are put together. Overall, it was a useful experience and gave me a better understanding of how to build simple tools that solve a specific problem.",2,2,4,1,2,3,2,2,4,1,2,3,project_team_approved,confirmed,,,The existing scores are supported by the answer text and rubric.
official_weak_patch_technical_depth_000208,dev_review_candidates,extension_project,browser extension,vague_tools_no_explanation,"I worked on a small browser extension as part of a course project. It was a simple tool built to help users save and organize useful content while browsing, and I helped with parts of the front-end and some of the supporting logic.

I mainly assisted the team by contributing to the React-based interface and helping connect it with the rest of the project. We also used Firebase and Python in the project, but my role was mostly on the implementation side and making sure the extension was working smoothly for the basic use case.

It was a good learning experience for me because it gave me a chance to work on something practical, see how a browser extension comes together, and collaborate with others on a small product. In the end, we had a working project that showed the main idea clearly.",2,2,4,1,2,4,2,2,4,1,2,4,project_team_approved,confirmed,,,The existing scores are supported by the answer text and rubric.
ex_000050,dev_review_candidates,tradeoff_explanation,full-stack student platform,structured_but_shallow,"In one of my course projects, I worked on a full-stack student platform using HTML, CSS, and JavaScript, and I had to choose between two ways to build the student dashboard. One option was to make everything on a single page and update the content dynamically with JavaScript. The other was to split it into separate pages for things like profile, assignments, and announcements.

My main task was to help decide which approach would be easier to build and maintain for our team. At first, the single-page version seemed more modern, but I realized it would take more time for us to manage all the interactions and keep the code organized, especially since we were still learning. So I suggested we go with separate pages and keep the JavaScript focused on the parts that really needed interactivity.

That choice made the project simpler to finish on time, and it was easier for us to test and debug. I learned that the “best” technical solution is not always the most advanced one — it depends on the team’s experience, the timeline, and what the project actually needs.",3,3,4,3,3,3,3,3,4,3,3,3,project_team_approved,confirmed,,,The existing scores are supported by the answer text and rubric.
ex_000056,dev_review_candidates,tradeoff_explanation,full-stack student platform,structured_but_shallow,"One project that comes to mind was a student platform I worked on as part of a course project. It was a full-stack style project, but my main work was on the front end using HTML, CSS, and JavaScript.

We had to decide between building the page interactions with plain JavaScript or using a more structured approach with reusable components. At first, the simpler option seemed faster, and since we were working under time pressure, that was tempting. But I was responsible for making sure the student dashboard and form interactions stayed easy to update, so I looked at how the pages might grow if we added more features later.

In the end, we chose the more structured approach because it would be easier to maintain and less confusing for the team. My part was to build the student-facing pages and make sure the navigation, form validation, and content updates worked smoothly. I also helped keep the layout consistent across the different pages.

What I learned from that project was that the fastest option is not always the best one. Even in a small project, it helps to think about maintainability and how other people will work with the code later. That experience made me more careful about weighing short-term speed against long-term clarity.",3,3,4,3,2,4,3,3,4,3,2,4,project_team_approved,confirmed,,,The existing scores are supported by the answer text and rubric.
ex_000083,dev_review_candidates,tradeoff_explanation,full-stack student platform,structured_but_shallow,"In one of my course projects, I worked on a full-stack student platform using HTML, CSS, and JavaScript. My main task was to help build the student dashboard, where users could view their assignments, deadlines, and basic profile information.

We had to choose between two approaches for displaying the data. One option was to load everything at once when the page opened, which would have been simpler to build. The other option was to load the information in smaller parts as the user needed it, which would take a bit more work but would make the page feel faster and cleaner.

I helped compare both options by thinking about the user experience and how much time we had for the project. Since this was a student platform and the dashboard could grow over time, we decided to go with the second approach. That meant we could keep the page organized and avoid overwhelming the user with too much information at once.

My part was mainly implementing the front-end side of that decision and making sure the layout still felt simple and easy to use. It was a good learning experience for me because I saw how technical choices affect both the user and the development process. I also learned that sometimes the best option is not the easiest one to build, but the one that works better in the long run.",3,2,4,3,2,3,3,2,4,3,2,3,project_team_approved,confirmed,,,The existing scores are supported by the answer text and rubric.
ex_000094,dev_review_candidates,tradeoff_explanation,full-stack student platform,structured_but_shallow,"One project that comes to mind was a full-stack student platform I worked on for a course project. I was responsible for building part of the front end using HTML, CSS, and JavaScript, and we had to decide how to handle the student dashboard.

We had two options: either build everything as one simple page that showed all the information at once, or split it into separate sections and load content as the user clicked through. At first, the one-page approach seemed easier because it would be faster to build, and since it was a student project, we wanted to keep things manageable.

My task was to work on the dashboard layout and make sure it was easy to use. After thinking it through, I suggested the second approach because the dashboard had a lot of different information, like assignments, announcements, and profile details. Putting everything on one page would have made it feel crowded and harder to navigate.

We chose to organize it into sections instead. I helped build the navigation and the different content areas, and that made the interface much cleaner. It also helped us keep the code more organized, which was useful when we needed to make changes later.

What I learned from that project was that the simplest technical option is not always the best one for the user. Even on a smaller project, it’s important to think about usability and maintainability, not just how quickly something can be built.",3,4,4,3,2,4,3,4,4,3,2,4,project_team_approved,confirmed,,,The existing scores are supported by the answer text and rubric.
ex_000106,dev_review_candidates,tradeoff_explanation,full-stack student platform,structured_but_shallow,"In one of my course projects, I worked on a full-stack student platform using HTML, CSS, and JavaScript. My main task was to help build the student dashboard, where users could view their assignments, deadlines, and basic profile information.

We had to choose between two approaches for displaying the student data. One option was to load everything at once when the page opened, and the other was to load only the information the user needed as they moved through the site. At first, loading everything seemed simpler because it would be easier to build and test. But after discussing it with my team, we realized it could make the page slower and less organized as the project grew.

I was responsible for the dashboard section, so I focused on making the page feel responsive and easy to use. We decided to go with the second approach and load the data in smaller parts. That meant a little more planning on our side, but it made the site cleaner and easier to maintain.

From that project, I learned that the simplest option is not always the best one. I also got better at thinking about the user experience, not just the code.",3,3,4,3,2,2,3,3,4,3,2,2,project_team_approved,confirmed,,,The existing scores are supported by the answer text and rubric.
ex_000123,dev_review_candidates,tradeoff_explanation,full-stack student platform,structured_but_shallow,"In my student platform project, I had to choose between building the front end as one single page with sections that showed and hid content, or creating separate pages for each part of the site. The platform was for students to view course information, assignments, and announcements, and I was responsible for the front-end structure and interaction using HTML, CSS, and JavaScript.

At first, I thought a single-page approach would be simpler because it would feel smoother for users and I could keep everything in one place. But after planning it out, I realized that separate pages would be easier to organize, especially since the project had different sections with different content. It also made it easier for me to keep the code cleaner and update each part without affecting the others.

I chose the separate-page approach, and that worked well for the project. It made navigation clearer, and it was easier for me to test and fix issues as I built it. The main thing I learned was that the “best” technical choice depends on the size of the project and how much structure it needs, not just what seems easiest at the start.",3,4,4,3,2,4,3,4,4,3,2,4,project_team_approved,confirmed,,,The existing scores are supported by the answer text and rubric.
ex_000131,dev_review_candidates,tradeoff_explanation,full-stack student platform,structured_but_shallow,"One project I worked on was a student platform for sharing course materials and updates, and I built it as a full-stack project using HTML, CSS, and JavaScript. My main task was to help design the front end and make sure students could easily navigate the site and find what they needed.

One decision I had to make was whether to keep the pages very simple and load everything at once, or split the content into smaller sections and load things more dynamically. At first, I leaned toward the simpler option because it felt easier to build and test. But after thinking about the user experience, I realized the platform would have a lot of content, so loading everything on one page would make it feel cluttered and slower to use.

I chose the more modular approach, where different parts of the site were organized into separate sections and shown based on what the user needed. That made the platform easier to navigate and helped keep the design cleaner. It also made my code easier to manage because I could work on one part at a time.

What I learned from that project was that the easiest technical choice is not always the best one for the user. I got better at thinking about usability first and then choosing the approach that fit the project goals.",3,3,4,3,2,4,3,3,4,3,2,4,project_team_approved,confirmed,,,The existing scores are supported by the answer text and rubric.
ex_000138,dev_review_candidates,tradeoff_explanation,full-stack student platform,structured_but_shallow,"One project I worked on was a student platform for organizing course materials and sharing updates. I built it as a full-stack project using HTML, CSS, and JavaScript, and my main task was to help decide how the content should be displayed to users.

I had to choose between two approaches for the layout: either build a single long page where everything was shown together, or split the information into separate sections and let users move through it step by step. At first, the single-page option seemed simpler because it would be faster to build. But after thinking about the users, I realized the platform had a lot of different content, like announcements, assignments, and resources, so one big page could get cluttered pretty quickly.

I chose the second approach and organized the platform into clearer sections. That made the interface easier to use and easier to update later. My role was mainly to plan the structure, implement the front-end part, and make sure the pages felt consistent and simple for students to navigate.

This project taught me that the easiest technical option is not always the best one for the user. I learned to think more about clarity and usability before deciding on an approach, and that’s something I’ve carried into later projects.",3,3,4,3,2,2,3,3,4,3,2,2,project_team_approved,confirmed,,,The existing scores are supported by the answer text and rubric.
ex_000155,dev_review_candidates,tradeoff_explanation,full-stack student platform,structured_but_shallow,"In one of my course projects, I worked on a full-stack student platform using HTML, CSS, and JavaScript. The main feature I was responsible for was a page where students could view and manage their course information.

I had to choose between building the page as a single dynamic view that updated sections on the screen, or splitting it into separate pages for each part of the workflow. At first, the single-page approach seemed more modern and smoother, but I realized it would take more time to organize and would be harder for me to maintain at my level. Since this was a student project and I wanted the code to stay clear, I chose the simpler multi-page approach.

My part was to make sure the navigation felt easy and the pages were consistent in design. I handled the layout, the basic interactions, and made sure the user could move between sections without confusion. I also worked with my team to keep the styling and behavior aligned across the project.

What I learned from that project was that the best technical choice is not always the most advanced one. Sometimes it is better to choose the approach that fits the scope, the timeline, and the team’s experience. That project helped me become more practical in how I make decisions and more confident in balancing simplicity with functionality.",3,4,4,3,2,4,3,4,4,3,2,4,project_team_approved,confirmed,,,The existing scores are supported by the answer text and rubric.
ex_000167,dev_review_candidates,tradeoff_explanation,full-stack student platform,structured_but_shallow,"In one of my course projects, I worked on a full-stack student platform using HTML, CSS, and JavaScript, and I had to choose between two ways to build the student dashboard. One option was to keep it very simple and load all the data on one page, and the other was to split it into smaller sections and make it more interactive.

My part was mainly the front-end, so I was responsible for making the dashboard easy to use and making sure students could quickly find things like assignments, announcements, and profile information. At first, I thought the simpler one-page version would be best because it seemed faster to build. But after discussing it with my team, I realized it could get crowded pretty quickly as more features were added.

So I chose the more modular approach. I organized the page into separate sections and used JavaScript to show and hide content based on what the user needed. That made the interface cleaner and easier to navigate. It also made it easier for us to add new features later without having to redesign the whole page.

The main thing I learned from that project was that the easiest technical option is not always the best long-term choice. I learned to think about how the project might grow and how the user would actually experience it, not just how quickly I could finish the first version.",3,4,4,3,2,3,3,4,4,3,2,3,project_team_approved,confirmed,,,The existing scores are supported by the answer text and rubric.
ex_000180,dev_review_candidates,tradeoff_explanation,full-stack student platform,structured_but_shallow,"In one of my course projects, I worked on a full-stack student platform using HTML, CSS, and JavaScript. The main feature I was responsible for was the student dashboard, where users could view their tasks and updates in one place.

I had to choose between two approaches for showing the data. One option was to load everything at once when the page opened, and the other was to load only the information the user needed as they moved through the page. At first, loading everything seemed simpler, because it would have been easier to build quickly. But I realized it could make the page slower and less flexible as the project grew.

So I chose the second approach and loaded the data in smaller parts. That meant a little more planning on my side, especially around how the page would update, but it made the experience smoother and easier to manage. I also worked closely with my team to make sure the layout still felt simple for users.

The result was a cleaner and more responsive student dashboard. For me, the biggest takeaway was learning that the easiest technical choice is not always the best one long term. I learned to think more about user experience and maintainability, not just how fast I could finish a feature.",3,4,4,3,3,2,3,4,4,3,3,2,project_team_approved,confirmed,,,The existing scores are supported by the answer text and rubric.
ex_000186,dev_review_candidates,tradeoff_explanation,full-stack student platform,structured_but_shallow,"In my student platform project, I had to choose between building the interface as one long single page or splitting it into separate pages for each section, like courses, assignments, and profile. I was working with HTML, CSS, and JavaScript, and at first the single-page approach seemed simpler because it would be quicker to put together.

My task was to help decide which option would make the site easier to use and easier to maintain. After thinking it through, I chose the multi-page approach. The main reason was that the platform had a few different sections, and I felt separate pages would make the layout cleaner and the code easier to organize as the project grew. It also made it easier for me to work on one part at a time without everything being mixed together.

I built the pages with a consistent design so the site still felt connected, but each section had its own purpose. In the end, the project was easier to navigate, and I learned that the “simpler” technical choice is not always the best one if it creates problems later. That project taught me to think about both the user experience and how maintainable the code will be.",3,4,4,3,2,4,3,4,4,3,2,4,project_team_approved,confirmed,,,The existing scores are supported by the answer text and rubric.
ex_000207,dev_review_candidates,tradeoff_explanation,full-stack student platform,structured_but_shallow,"One project I worked on was a full-stack student platform for organizing course materials and tracking progress. My main task was to build part of the front end using HTML, CSS, and JavaScript, and I also helped connect it to the rest of the application.

A key decision we had to make was whether to keep the interface very simple with mostly static pages, or build a more interactive experience with JavaScript so students could update things without refreshing the page. At first, the simpler option seemed easier and faster, especially since I was still learning. But after thinking about how students would actually use the platform, we decided the more interactive approach would be better because it made the site feel smoother and more useful.

My part was to implement the student dashboard and make sure the important actions, like viewing assignments and updating progress, were easy to use. I focused on keeping the layout clean and making the interactions straightforward, so it wouldn’t feel overwhelming.

In the end, I learned that the best technical choice is not always the easiest one to build. It depends on the user experience and the long-term value. That project helped me understand how to weigh simplicity against functionality, and it gave me more confidence in making practical decisions as a developer.",3,4,4,3,2,4,3,4,4,3,2,4,project_team_approved,confirmed,,,The existing scores are supported by the answer text and rubric.
ex_000244,dev_review_candidates,tradeoff_explanation,full-stack student platform,structured_but_shallow,"One project that comes to mind was a student platform I worked on as part of a course project. It was a full-stack style project, but my main work was on the front end using HTML, CSS, and JavaScript.

We had to decide how to handle the student dashboard. One option was to build everything on a single page and show or hide sections with JavaScript. The other option was to split it into separate pages for things like assignments, announcements, and profile information. I was responsible for helping design and build the student-facing part of the site, so I had to think through which approach would be easier to use and easier for our team to finish on time.

At first, the single-page approach seemed attractive because it felt more modern and would keep navigation fast. But after discussing it and testing a simple version, I realized it would make the code harder for us to manage as beginners. Since the project was for a course and we had a limited timeline, we chose the multi-page approach instead. That made it simpler to organize the content, easier to debug, and easier for each team member to work on different sections without stepping on each other’s work.

I helped implement the layout and navigation, and I also made sure the pages felt consistent so users wouldn’t feel like they were jumping between unrelated screens. In the end, the project was cleaner and more stable than if we had tried to force a more complex solution.

What I learned from that experience is that the best technical choice is not always the most advanced one. For a junior project, it’s often better to choose the approach that fits the team’s skill level, the timeline, and the actual needs of the user.",3,4,4,4,2,4,3,4,4,4,2,4,project_team_approved,confirmed,,,The existing scores are supported by the answer text and rubric.
ex_000254,dev_review_candidates,tradeoff_explanation,full-stack student platform,structured_but_shallow,"In one of my course projects, I worked on a full-stack student platform using HTML, CSS, and JavaScript. One of the main decisions I had to make was whether to build the student dashboard as a single-page experience with more dynamic updates, or keep it simpler with separate pages for each section like profile, assignments, and announcements.

My part was mainly on the front end, so I had to think about what would be realistic for me to build well and still make the site easy to use. At first, I liked the idea of making everything feel very interactive, but after discussing it with my team and looking at our time, I realized the simpler multi-page approach would be better for this project. It would let us focus more on making the layout clean, the navigation clear, and the core features reliable.

I helped implement the page structure and made sure the navigation felt consistent across the different sections. I also worked on making the interface responsive so it still looked good on smaller screens. In the end, we chose the approach that was easier to maintain and finish properly, rather than trying to do something more complex than we could support.

That project taught me that choosing the right technical approach is not always about picking the most advanced option. It’s about balancing user experience, time, and what the team can realistically deliver.",3,2,4,3,2,4,3,2,4,3,2,4,project_team_approved,confirmed,,,The existing scores are supported by the answer text and rubric.
ex_000260,dev_review_candidates,tradeoff_explanation,full-stack student platform,structured_but_shallow,"In my student platform project, I had to choose between building the course pages as separate static pages or making them more dynamic with JavaScript. The project was a full-stack-style portfolio project, but my part focused on the front end using HTML, CSS, and JavaScript.

My main task was to make the student dashboard and course pages easy to use and simple to update. At first, the static page approach seemed faster because each page could just be built individually. But after thinking about it, I realized that if we wanted to add more courses later, that would become hard to maintain and repetitive.

So I chose the more dynamic approach. I used JavaScript to load course information into reusable page sections instead of hardcoding everything. That meant I could keep the design consistent and update the content more easily. It took a bit more time at the start, but it made the project cleaner overall.

What I learned from that was that the fastest option is not always the best long-term choice. I also learned to think about how a project might grow, even in a smaller student project.",3,3,4,3,2,4,3,3,4,3,2,4,project_team_approved,confirmed,,,The existing scores are supported by the answer text and rubric.
ex_000266,dev_review_candidates,tradeoff_explanation,full-stack student platform,structured_but_shallow,"In one of my course projects, I worked on a full-stack student platform using HTML, CSS, and JavaScript, and I had to choose between two ways to build the student dashboard. One option was to make it very simple and load most of the content on one page with JavaScript. The other was to split it into separate sections and make it feel more like a traditional multi-page app.

My main task was to help decide which approach would work better for the project and then build part of the interface. I looked at both options with my team and thought about things like how easy it would be to use, how much time we had, and how hard it would be to maintain later. In the end, we chose the simpler single-page style because it fit our timeline better and made the student experience feel smoother.

I worked on the front-end part of that decision by helping create the layout and making sure the navigation was clear. We also tested it a bit with classmates and realized the simpler approach was easier to understand. From that project, I learned that the best technical choice is not always the most advanced one — it’s the one that fits the goals, the users, and the time available.",3,3,4,3,2,4,3,3,4,3,2,4,project_team_approved,confirmed,,,The existing scores are supported by the answer text and rubric.
ex_000273,dev_review_candidates,tradeoff_explanation,full-stack student platform,structured_but_shallow,"One project I worked on was a student platform for organizing course materials and sharing updates. I built it as a full-stack project using HTML, CSS, and JavaScript, and my main responsibility was the front-end experience and how users would interact with the platform.

A key decision I had to make was whether to build the student dashboard as one single page that updated dynamically, or to keep it simpler with separate pages for each section, like assignments, announcements, and resources. At first, I thought a single-page approach would feel more modern, but I realized it would take more time to manage and could become harder to maintain at my level.

So I chose the simpler multi-page approach. That made it easier for me to organize the code, test each part separately, and make sure the platform was stable. It also helped me focus on making the layout clear and easy to use instead of spending too much time on complexity.

In the end, the project worked well, and I learned that the “best” technical choice is not always the most advanced one. For me, it was a good lesson in balancing user experience, time, and maintainability, especially as a junior developer.",3,4,4,3,2,4,3,4,4,3,2,4,project_team_approved,confirmed,,,The existing scores are supported by the answer text and rubric.
ex_000283,dev_review_candidates,tradeoff_explanation,full-stack student platform,structured_but_shallow,"In one of my course projects, I worked on a full-stack student platform using HTML, CSS, and JavaScript, and I had to choose between two ways to build the student dashboard. One option was to make everything on a single page and update sections dynamically with JavaScript. The other was to split it into separate pages for things like profile, assignments, and announcements.

My main task was to help decide which approach would be better for the team and then implement part of it. At first, the single-page version seemed more modern, and I liked that it would feel smoother for users. But after discussing it with my team, we realized that for our project size and our experience level, separate pages would be easier to organize, debug, and finish on time.

I worked on the navigation and the assignment section, and I made sure the pages were consistent in design and easy to move between. In the end, we chose the simpler structure, and it worked well for the scope of the project. The biggest thing I learned was that the “best” technical choice is not always the most advanced one — it depends on the project goals, time, and what the team can realistically maintain.",3,4,4,3,3,3,3,4,4,3,3,3,project_team_approved,confirmed,,,The existing scores are supported by the answer text and rubric.
ex_000290,dev_review_candidates,tradeoff_explanation,full-stack student platform,structured_but_shallow,"In one of my course projects, I worked on a full-stack student platform using HTML, CSS, and JavaScript. One of the main features was showing student information and updates, and I had to choose between building it as a single page with a lot of dynamic updates or keeping it simpler with separate pages for each section.

My main task was to help decide which approach would be better for our team and for the time we had. I looked at both options and thought about things like ease of development, how easy it would be to maintain, and whether it would be simple enough for the rest of the team to work on. In the end, we chose the simpler multi-page approach because it was easier to organize, faster to finish, and better suited to our skill level at the time.

That decision helped us stay on track and deliver the project on time. I learned that choosing the “best” technical solution is not always about the most advanced option — it’s about what fits the project goals, the team, and the deadline.",3,3,4,3,3,3,3,3,4,3,3,3,project_team_approved,confirmed,,,The existing scores are supported by the answer text and rubric.
ex_000312,dev_review_candidates,tradeoff_explanation,full-stack student platform,structured_but_shallow,"In one of my course projects, I worked on a full-stack student platform using HTML, CSS, and JavaScript. My main task was to help build the student dashboard, where users could view assignments, deadlines, and updates.

We had to choose between two approaches for showing the data on the page. One option was to load everything at once when the page opened, and the other was to load only the information the user needed as they navigated through the site. I was involved in discussing both options with my team and helping decide what would work best for our project.

At first, loading everything seemed simpler because it would be easier to build. But after thinking about it, we realized the page could become slow and cluttered, especially if we added more features later. So we chose the second approach, where the dashboard loaded smaller sections as needed. That made the site feel cleaner and more responsive.

My part was mainly implementing the front-end pieces and making sure the layout still felt simple for students to use. I also helped test how the page behaved when different sections were opened.

What I learned from that project was that the easiest solution is not always the best one. I got better at thinking about the user experience and balancing simplicity with performance, which was a really useful lesson for me as a junior developer.",3,3,4,3,2,3,3,3,4,3,2,3,project_team_approved,confirmed,,,The existing scores are supported by the answer text and rubric.
ex_000352,dev_review_candidates,tradeoff_explanation,full-stack student platform,structured_but_shallow,"In one of my course projects, I worked on a full-stack student platform using HTML, CSS, and JavaScript, and I had to choose between two ways to build the student dashboard. One option was to make everything on one page and update sections dynamically with JavaScript. The other was to split it into separate pages for things like assignments, announcements, and profile information.

My main task was to help decide which approach would be better for the project and then build part of the interface. At first, the single-page version seemed more modern and smoother for users, but I realized it would be harder for our small team to organize and debug, especially since we were still learning. The multi-page approach was simpler to structure, easier to test, and made it clearer who was responsible for each part.

I suggested we go with the multi-page setup, and that ended up working well for the project. It helped us finish on time and keep the code easier to manage. From that experience, I learned that the best technical choice is not always the most advanced one — it depends on the team, the timeline, and what will make the project easier to maintain.",3,3,4,3,3,4,3,3,4,3,3,4,project_team_approved,confirmed,,,The existing scores are supported by the answer text and rubric.
ex_000372,dev_review_candidates,tradeoff_explanation,full-stack student platform,structured_but_shallow,"In one of my course projects, I worked on a full-stack student platform using HTML, CSS, and JavaScript. My main task was to help build the student dashboard, where users could see their assignments, deadlines, and announcements.

We had to choose between two approaches for showing the data on the page. One option was to load everything at once when the page opened. The other was to load only the most important information first and then fetch the rest as needed. At first, loading everything seemed simpler, because it would be easier to build and test. But after thinking it through, we realized the page could become slow, especially if there was a lot of student data.

I was responsible for helping compare the two options and implementing part of the front end. We decided to go with the second approach, because it gave a better user experience and made the page feel faster. I worked on the JavaScript side to make sure the main dashboard content appeared quickly, and then the extra information loaded after.

That project taught me that the easiest technical option is not always the best one. I learned to think about performance and user experience, not just whether something works. It also helped me get more comfortable making practical decisions as part of a team.",3,3,4,3,2,4,3,3,4,3,2,4,project_team_approved,confirmed,,,The existing scores are supported by the answer text and rubric.
ex_000397,dev_review_candidates,tradeoff_explanation,full-stack student platform,structured_but_shallow,"In one of my course projects, I worked on a full-stack student platform using HTML, CSS, and JavaScript. One of the main decisions I had to make was whether to build the student dashboard as a single page with a lot of dynamic updates, or keep it simpler with separate pages for each section like assignments, announcements, and profile.

My part was mainly the front-end structure and making sure the user experience was easy to follow. At first, I was leaning toward the single-page approach because it felt more modern, but after discussing it with my team and thinking about our time and skill level, we decided to go with separate pages. That made it easier for us to organize the code, test each part, and avoid getting stuck on more complex JavaScript logic.

I helped set up the layout and navigation so students could move between sections smoothly. Even though the simpler approach meant a bit more page loading, it was a better fit for the project because we could finish it on time and keep it stable.

What I learned from that project was that the best technical choice is not always the most advanced one. For a student project, it was more important to choose something manageable, clear, and reliable. That experience helped me think more practically about balancing features, time, and maintainability.",3,2,4,3,2,4,3,2,4,3,2,4,project_team_approved,confirmed,,,The existing scores are supported by the answer text and rubric.
ex_000418,dev_review_candidates,tradeoff_explanation,full-stack student platform,structured_but_shallow,"In one of my course projects, I worked on a full-stack student platform using HTML, CSS, and JavaScript. My part was mainly building the front-end and making sure students could easily view their courses, assignments, and updates in a simple dashboard.

One technical choice we had to make was whether to build the dashboard as one single page that updated dynamically, or to split it into separate pages for each section. At first, the single-page approach sounded more modern and smoother, but I was worried it would become harder to manage as the project grew, especially since we were still learning and working with a limited timeline.

I ended up helping choose the multi-page approach because it was easier for our team to organize, test, and debug. It also made the code clearer for each feature, which was important since we were all still developing our skills. I was responsible for building the student dashboard and making sure the navigation between pages felt consistent and simple.

In the end, the project worked well, and we delivered a clean, usable platform. What I learned from that experience is that the best technical choice is not always the most advanced one — it’s the one that fits the team, the timeline, and the project goals.",3,3,4,3,2,4,3,3,4,3,2,4,project_team_approved,confirmed,,,The existing scores are supported by the answer text and rubric.
official_weak_patch_technical_depth_000161,test_review_candidates,debugging_story,mobile app,vague_tools_no_explanation,"One project I worked on was a mobile app for a course portfolio project built with React, Firebase, and Python. I was mainly assisting on the project, and we ran into an issue where part of the app was not behaving the way we expected, even though it seemed like the basic setup was correct.

What made it difficult was that the problem wasn’t obvious at first. I helped by going through the app step by step with the team, checking the parts we had recently changed, and comparing what was happening in the app with what we expected. We also used the browser tools and looked at the Firebase side to narrow things down.

In the end, we were able to identify the source of the issue and get the app working again. It was a good learning experience for me because it showed me the value of staying patient, being methodical, and communicating clearly when something is not immediately easy to spot.",2,2,4,3,2,3,2,2,4,3,2,3,project_team_approved,confirmed,,,The existing scores are supported by the answer text and rubric.
official_weak_patch_technical_depth_000170,test_review_candidates,debugging_story,mobile app,vague_tools_no_explanation,"In a course project, I worked on a mobile app built with React, Firebase, and Python, and we ran into a bug that was hard to track down because it only showed up in certain situations. I helped by reproducing the issue, checking different parts of the app with my teammate, and comparing what was happening with what we expected.

I mostly assisted by narrowing down where the problem might be and trying small fixes while keeping notes on what we had already ruled out. I also used Firebase logs and the app itself to help us understand when the issue was happening.

It took some patience, but we were able to identify the main cause and get the app working properly again. That experience taught me to stay organized, be methodical, and not jump to conclusions when debugging.",2,2,4,3,2,3,2,2,4,3,2,3,project_team_approved,confirmed,,,The existing scores are supported by the answer text and rubric.
official_weak_patch_technical_depth_000173,test_review_candidates,debugging_story,mobile app,vague_tools_no_explanation,"One project I worked on was a mobile app for a course portfolio project using React, Firebase, and Python. I helped with the debugging when we ran into an issue where part of the app was not behaving the way we expected, and it was hard to tell at first whether the problem was in the app logic or in how the data was being handled.

My role was mostly to assist by checking the code, reproducing the issue, and comparing what was happening in the app with what we expected to happen. I also worked with the rest of the team to narrow down where the problem was coming from. I used simple tools like the browser console and Firebase logs to help us understand the issue better.

What I learned from that experience was to stay patient, break the problem into smaller parts, and communicate clearly with the team. In the end, we were able to resolve it and get the app working properly for the project.",2,2,3,2,2,3,2,2,3,2,2,3,project_team_approved,confirmed,,,The existing scores are supported by the answer text and rubric.
official_weak_patch_technical_depth_000176,test_review_candidates,debugging_story,mobile app,vague_tools_no_explanation,"One project I worked on was a mobile app for a course portfolio project built with React, Firebase, and Python. I helped out with a bug that was hard to track down because the app would sometimes behave differently depending on the device and the user flow.

My part was mainly assisting the team by reproducing the issue, checking where it seemed to happen, and comparing what was happening in the app with what we expected. I used the browser tools and looked through logs to narrow it down, and that helped us find that the problem was related to how one part of the app was being handled after certain actions.

It took a bit of back and forth, but once we understood the pattern, we were able to make the app more reliable. That experience taught me to stay patient, break problems into smaller steps, and communicate clearly with the team when something is not obvious right away.",2,2,4,3,2,3,2,2,4,3,2,3,project_team_approved,confirmed,,,The existing scores are supported by the answer text and rubric.
official_weak_patch_technical_depth_000197,test_review_candidates,debugging_story,mobile app,vague_tools_no_explanation,"One project I worked on was a mobile app for a course portfolio project built with React, Firebase, and Python. I was mainly assisting with the work, and we ran into a bug that was hard to trace because the app seemed to work in some cases but not in others.

What made it difficult was that the issue didn’t show up consistently, so at first it was hard to tell whether the problem was in the app itself or somewhere else in the setup. I helped by reproducing the issue a few times, checking the error messages, and comparing what was happening in the app with what we expected.

I also worked with the team to narrow it down step by step instead of changing too many things at once. Using the browser tools and Firebase logs helped us get a better idea of where the problem was coming from.

In the end, we were able to identify the cause and get the app working more reliably. It was a good learning experience for me because it showed me how important it is to stay patient, observe carefully, and debug in a structured way.",2,2,4,3,2,3,2,2,4,3,2,3,project_team_approved,confirmed,,,The existing scores are supported by the answer text and rubric.
official_weak_patch_technical_depth_000200,test_review_candidates,debugging_story,mobile app,vague_tools_no_explanation,"In a course project, I worked on a mobile app built with React, Firebase, and Python, and we ran into a bug that was hard to track down because it only showed up in certain situations. I mainly assisted with figuring out what was happening by checking the app behavior, comparing it with what we expected, and helping narrow down where the issue might be.

What made it difficult was that the problem wasn’t obvious at first, so we had to be patient and look at it from a few different angles. I helped by reproducing the issue, sharing observations with the team, and using Firebase logs to get a better sense of what was going on. After some back and forth, we were able to identify the source and move forward.

That experience taught me to stay calm when something isn’t immediately clear and to break the problem down step by step. It also showed me how useful teamwork is when debugging, especially on a project that combines different tools and technologies.",2,2,3,3,2,3,2,2,3,3,2,3,project_team_approved,confirmed,,,The existing scores are supported by the answer text and rubric.
official_weak_patch_technical_depth_000209,test_review_candidates,debugging_story,mobile app,vague_tools_no_explanation,"In a course project, I worked on a mobile app built with React, Firebase, and Python, and I helped debug an issue that was making the app behave inconsistently for some users. At first, it wasn’t obvious where the problem was coming from because the app seemed to work fine in some cases but not in others.

My role was mostly to assist by reproducing the issue, checking logs, and comparing what was happening in different parts of the app. I worked with the rest of the team to narrow it down step by step instead of guessing. That helped us understand where the problem was showing up and what part of the project needed attention.

It was a good learning experience for me because it showed me how important it is to stay patient and methodical when something is hard to track down. In the end, we were able to get the app working more reliably, and I came away with a better understanding of how to debug as part of a team.",2,2,3,3,2,3,2,2,3,3,2,3,project_team_approved,confirmed,,,The existing scores are supported by the answer text and rubric.
official_high_impact_patch_impact_000018,test_review_candidates,performance_improvement,database system,measurable_performance_improvement,"In a course project, I worked on a small database-backed application that was getting noticeably slow once the dataset grew. My part was to improve the performance of the Python and SQL layer, and I owned that work end to end.

I started by profiling the application instead of guessing. In Python, I used `cProfile` and timing logs around the main request flow, and in the database I looked at the slowest queries with `EXPLAIN QUERY PLAN`. That showed me two main issues: we were making repeated queries inside a loop, and one of the larger queries was scanning the whole table because it was filtering on an unindexed column.

I fixed it in a few steps. First, I rewrote the Python code to batch the lookups instead of calling the database once per row. Then I changed the SQL to use a single join and added an index on the column used most often in the `WHERE` clause. I also removed a couple of unnecessary `SELECT *` calls and only fetched the fields the page actually needed, which reduced the amount of data transferred.

After those changes, I reran the same test dataset and measured the result. The slow page went from about 4.8 seconds to 0.9 seconds on my machine, so it was roughly 5 times faster. I also reduced the number of database queries for that flow from 120 down to 8. For the final demo, the application loaded smoothly with the full sample dataset, and I was able to show the before-and-after profiling results clearly.",4,5,5,5,5,5,4,5,5,5,5,5,project_team_approved,confirmed,,,The existing scores are supported by the answer text and rubric.
official_strong_patch_problem_solving_000145,test_review_candidates,performance_improvement,database system,official_strong_problem_solving_189,"In a course project, I worked on a small database system built with Python, a REST API, and SQL, and I personally owned the debugging and improvement of the data update flow. We were seeing inconsistent results when records were created and then immediately queried through the API, especially in cases where related rows had to be inserted in the same transaction.

I traced the issue by adding targeted logging, reproducing the bug with a few failing test cases, and then stepping through the request handlers and SQL queries. I found that one endpoint was committing too early, while another was reading from a stale connection state, so the API could return success even though part of the write had not fully persisted. I also noticed one SQL query was doing a full table scan because the filter column wasn’t indexed, which made the slower endpoints much worse as the dataset grew.

I fixed it by restructuring the Python service layer so the write operations used a single transaction boundary, moved the commit to the end of the service method, and added proper rollback handling on exceptions. I also tightened the REST response logic so the API only returned success after the database transaction completed. On the SQL side, I added an index on the lookup column and rewrote one query to avoid unnecessary joins in the common path.

After that, I added and updated tests for the failing cases: one for transaction rollback, one for create-then-read consistency, and one for the optimized query path. The result was that the failing integration tests passed, the slow endpoint response time dropped from about 400 ms to under 100 ms in local testing, and the API became much more reliable during repeated test runs.",5,5,5,5,4,5,5,5,5,5,4,5,project_team_approved,confirmed,,,The existing scores are supported by the answer text and rubric.
official_strong_patch_role_relevance_000251,test_review_candidates,performance_improvement,database system,official_strong_role_relevance_295,"In a course project, I worked on a small database system built with Python, a REST API, SQL, and automated tests. I personally owned the debugging and improvement of the data retrieval layer when we started seeing inconsistent results from the API, especially on filtered queries and pagination.

I traced the issue by reproducing it with specific requests, then checking the SQL being generated and comparing it to the expected output. I found two main problems: one was an inefficient query pattern that was doing extra full-table scans, and the other was a bug in how we were handling optional filters, which sometimes produced incorrect WHERE clauses. I fixed this by refactoring the query builder to assemble parameters more safely, using prepared statements consistently, and restructuring the SQL so filters were only added when present. I also added an index on the most frequently queried column, which improved response time for the common lookup path.

After that, I wrote and updated tests for the API endpoints and the database layer to cover edge cases like empty filters, invalid IDs, and pagination boundaries. I verified the fix by running the test suite and comparing before-and-after request timings. The result was that the failing queries became stable, the API returned correct results for all the cases we tested, and the average response time for the main endpoint dropped by about 40% in our local benchmark.",5,5,5,5,5,5,5,5,5,5,5,5,project_team_approved,confirmed,,,The existing scores are supported by the answer text and rubric.
official_strong_patch_role_relevance_000226,test_review_candidates,deployment_story,DevOps/deployment task,official_strong_role_relevance_270,"In a course project, I worked on a small Python REST API for managing tasks, and I was responsible for the deployment and environment setup side of it. The main challenge was that the app had to run consistently across different laptops and in our demo environment, so I owned the decision to make the setup reproducible instead of relying on manual steps.

I set up the project with a virtual environment, pinned dependencies in `requirements.txt`, and added a simple configuration approach using environment variables for things like the database path and debug mode. For the API itself, I used Python with REST endpoints for creating, listing, updating, and deleting records, and I connected it to SQL through a lightweight database layer. I also wrote tests for the API routes and the database operations so we could verify the app still worked after deployment changes.

On the deployment side, I created a Dockerfile and a `docker-compose` setup so the API and database could be started with one command. I ran into an issue where the app worked locally but failed in the container because the database initialization happened too late, so I changed the startup flow to run migrations and seed data before the API server came up. I also had to fix a mismatch between local and container environment variables, which I caught by comparing test results inside and outside Docker.

To verify everything, I ran the test suite both locally and in the container, then did a full end-to-end check by hitting the REST endpoints with sample requests and confirming the SQL records were created correctly. In the end, the setup time for the project dropped from about 15 minutes of manual steps to under 2 minutes with one command, and the final demo ran without deployment issues.",4,5,4,4,4,5,4,5,4,4,4,5,project_team_approved,confirmed,,,The existing scores are supported by the answer text and rubric.
official_strong_patch_problem_solving_000144,test_review_candidates,failure_or_learning,NLP course project,official_strong_problem_solving_188,"In my NLP course project, I built a small text classification service in Python with a REST API and a SQL database for storing labeled examples and prediction history. I owned the API design and the model integration end to end, and one thing that did not work at first was my original approach to preprocessing and model input.

At first, I exposed the raw text directly to the model and only did very light cleaning. The model looked fine in local experiments, but when I connected it to the API and tested it with real sample inputs, the predictions were inconsistent and the accuracy dropped a lot compared to my notebook results. I traced it by adding tests around the preprocessing pipeline and comparing the training input with the request-time input. I found that the training script and the API were not using the exact same normalization steps: one path lowercased and removed punctuation, while the other kept mixed casing and extra whitespace. I also noticed that some empty or very short texts were slipping through and causing unstable predictions.

I fixed it by moving preprocessing into a shared Python module used by both training and the REST endpoint, so the same function handled tokenization, lowercasing, punctuation removal, and input validation in both places. I added unit tests for edge cases like empty strings, repeated spaces, and non-ASCII characters, plus an integration test that sent sample requests through the API and checked the stored SQL records and returned predictions. After that, the model behavior became consistent between training and production-like requests, and the validation accuracy on my test set improved from about 71% to 84%.

What I learned was that in ML-related software, the model is only one part of the system. If the preprocessing, API, and data storage are not aligned, the whole result can look broken even when the model itself is fine. Since then, I always try to make the data flow explicit, share code where it makes sense, and write tests around the boundaries between components.",4,4,5,4,4,5,4,4,5,4,3,5,project_team_approved_with_corrections,corrected,impact,,"Impact was corrected from 4 to 3 because the accuracy improvement is concrete but confined to an academic/test-set context, which supports mid-level rather than high project impact."
official_strong_patch_impact_000213,test_review_candidates,teamwork_conflict,machine learning project,official_strong_impact_257,"In my final-year portfolio project, I worked with two other students on a machine learning web app that predicted whether a customer was likely to churn. The overall project was collaborative, but I personally owned the backend prediction service and most of the debugging work around data flow and model integration.

My main responsibility was building the Python REST API that connected the trained model to the frontend. I used Flask to expose a `/predict` endpoint, validated incoming JSON, and made sure the request format matched the feature set the model expected. I also wrote the SQL queries to pull historical training data from our database and helped define the exact schema for the input features so we could keep training and inference consistent.

A big part of my contribution was debugging an issue where the model looked accurate offline, but the API was returning inconsistent predictions in the app. I traced it to a mismatch between the training pipeline and the live request payload: one-hot encoded columns were being generated in a different order, and a few numeric fields were coming through as strings. I fixed that by centralizing the preprocessing logic in Python, adding explicit type conversion and feature ordering before inference, and then writing tests to cover both valid and invalid payloads.

I also added unit tests for the API endpoints and a few integration tests to verify that a sample request returned the expected response shape and status code. After the fix, our prediction endpoint became stable, and we were able to demo the full flow end to end without errors. As a result, the project went from failing on several test cases to passing all of our API and preprocessing tests, and the final demo handled real sample inputs reliably.",5,5,5,5,4,5,5,5,5,5,4,5,project_team_approved,confirmed,,,The existing scores are supported by the answer text and rubric.
ex_000003,test_review_candidates,project_overview,React web app,generic_confident_answer,"One project I worked on was a React web app that used Firebase for the backend. It was a course project, so the main goal was to build something functional and learn how the pieces fit together. The app let users sign in, view content, and interact with a simple interface, so it gave me a chance to work on both the front end and basic data handling.

My role was mostly assisting with the development. I helped build some of the React components, worked on connecting parts of the UI, and supported the Firebase setup for things like authentication and storing data. I also helped test the app and fix small issues as they came up.

It was a good experience because it helped me get more comfortable with React and understand how a real web app is structured. By the end, we had a working project that met the main requirements and gave me a better idea of how to work on a team and solve problems step by step.",3,2,4,2,2,4,3,2,4,2,2,4,project_team_approved,confirmed,,,The existing scores are supported by the answer text and rubric.
ex_000024,test_review_candidates,project_overview,React web app,generic_confident_answer,"One project I worked on was a React web app I built as part of a course project. It was a simple app where users could sign up, log in, and manage some basic information, and we used Firebase for authentication and data storage.

My role was mostly assisting with the frontend development. I helped build a few of the main pages, connected some of the UI to Firebase, and fixed bugs when things weren’t working as expected. I also worked with the rest of the team to make sure the app felt consistent and easy to use.

It was a good learning experience for me because I got more comfortable working with React and saw how a frontend app connects to a backend service like Firebase. By the end, we had a working project that met the main requirements and gave me a better understanding of how to build a web app from start to finish.",3,3,4,2,2,4,3,3,4,2,2,4,project_team_approved,confirmed,,,The existing scores are supported by the answer text and rubric.
ex_000033,test_review_candidates,project_overview,React web app,generic_confident_answer,"One project I worked on was a React web app I built as part of a course project. It was a simple app where users could sign up, log in, and manage some basic information, and we used Firebase for authentication and storing data.

My role was mostly assisting with the frontend and helping connect the UI to Firebase. I worked on building a few of the pages, making sure the forms were easy to use, and helping test that the login and data-saving flow worked properly. I also helped fix small bugs when things didn’t behave as expected.

It was a good learning experience for me because I got more comfortable working with React and seeing how a frontend app connects to a backend service like Firebase. Overall, the project helped me understand the development process better and gave me more confidence working on a team-style project.",3,3,4,2,3,4,3,3,4,2,3,4,project_team_approved,confirmed,,,The existing scores are supported by the answer text and rubric.
ex_000085,test_review_candidates,project_overview,React web app,generic_confident_answer,"One project I worked on was a React web app that used Firebase for the backend. It was a course project, so the main goal was to build something functional and learn how the pieces fit together. The app had a few basic features like user login and saving data, and I helped with parts of the front-end and connecting it to Firebase.

My role was mostly assisting with the implementation, so I worked on smaller tasks, fixed bugs, and helped make sure the UI behaved the way we wanted. I also got some good practice working with components in React and understanding how data flows through an app.

Overall, it was a really helpful project for me because it gave me hands-on experience with a modern web stack and helped me get more comfortable working on a team and building something from start to finish.",3,2,4,1,2,4,3,2,4,1,2,4,project_team_approved,confirmed,,,The existing scores are supported by the answer text and rubric.
ex_000115,test_review_candidates,project_overview,React web app,generic_confident_answer,"One project I worked on was a React web app that used Firebase for the backend. It was a course project, so the goal was to build something practical while learning how to put the pieces together. The app let users sign up, log in, and manage some basic information in a simple interface.

My role was mostly to assist with the frontend work. I helped build a few of the pages in React, connected parts of the UI to Firebase, and fixed bugs when things weren’t working as expected. I also worked with the rest of the team to make sure the app stayed organized and that the main features were easy to use.

It was a good experience for me because I got more comfortable working with React and learned how a web app can be connected to a backend service like Firebase. In the end, we had a working project that met the basic requirements and gave me a better understanding of how to build and troubleshoot a real application.",3,2,4,2,2,4,3,2,4,2,2,4,project_team_approved,confirmed,,,The existing scores are supported by the answer text and rubric.
ex_000130,test_review_candidates,project_overview,React web app,generic_confident_answer,"One project I worked on was a React web app that used Firebase for the backend. It was a course project, so the main goal was to build something functional while learning how the pieces fit together.

I helped with the front-end side of the app, mostly building and adjusting components, connecting the UI to Firebase, and making sure the basic user flow worked smoothly. I also assisted with testing and fixing small issues as we went along.

It was a good learning experience for me because I got more comfortable working with React and understanding how to use Firebase in a real project. Overall, the project came together well and helped me build confidence working on a full web app.",3,2,4,2,2,4,3,2,4,2,2,4,project_team_approved,confirmed,,,The existing scores are supported by the answer text and rubric.
ex_000154,test_review_candidates,project_overview,React web app,generic_confident_answer,"One project I worked on was a React web app that used Firebase for the backend. It was a course project, so the main goal was to build something functional while learning how to connect the front end and back end in a simple way.

I mainly assisted with the development, so I helped build some of the pages and worked on basic features like displaying data and handling user actions. I also got some experience with Firebase for things like storing information and managing the app’s data flow.

It was a good learning experience for me because I got to see how the pieces fit together in a real project. I became more comfortable working with React, and I learned a lot about building something as part of a team and troubleshooting issues as they came up.",2,2,3,1,2,4,2,2,3,1,2,4,project_team_approved,confirmed,,,The existing scores are supported by the answer text and rubric.
ex_000159,test_review_candidates,project_overview,React web app,generic_confident_answer,"One project I worked on was a React web app I built as part of a course project. It was a simple app for organizing and displaying user content, and we used Firebase for things like authentication and storing data.

My role was mostly assisting with the front-end work. I helped build a few of the main pages, connected some parts of the UI to Firebase, and fixed bugs as we tested the app. I also worked with the rest of the team to make sure the layout was easy to use and that the app behaved consistently.

It was a good learning experience for me because I got more comfortable working with React and understanding how a front-end app connects to a backend service like Firebase. In the end, we had a working project that met the basic goals we set out for it, and it helped me build confidence working on a real web app.",3,3,4,2,3,4,3,3,4,2,3,4,project_team_approved,confirmed,,,The existing scores are supported by the answer text and rubric.
ex_000196,test_review_candidates,project_overview,React web app,generic_confident_answer,"One project I worked on was a React web app I built as part of a course project. It was a simple app where users could sign up, log in, and manage some basic information, and we used Firebase for authentication and data storage.

My role was mostly assisting with the front-end work. I helped build a few of the main pages, connected some of the UI to Firebase, and fixed bugs as they came up. I also worked with the rest of the team to make sure the app was easy to use and that the different parts fit together properly.

It was a good learning experience for me because I got more comfortable working with React and saw how a real app is put together from start to finish. By the end, we had a working project that met the main requirements and gave me a better understanding of how to build and debug a web app.",3,3,4,2,3,3,3,3,4,2,3,3,excluded_from_final_evaluation,excluded,,duplicate_or_near_duplicate,"Excluded from final evaluation because it is a near-duplicate of ex_000024 in the same test candidate split, with highly similar React/Firebase course-project wording and answer content."
ex_000219,test_review_candidates,project_overview,React web app,generic_confident_answer,"One project I worked on was a React web app I built as part of a course project. It was a simple app where users could sign up, log in, and manage some basic information, and we used Firebase for authentication and storing data.

My role was mostly assisting with the frontend development. I helped build a few of the main pages, connected some of the UI to Firebase, and worked with the rest of the team to make sure the app flowed well from one screen to another. I also helped fix small bugs and clean up parts of the interface so it was easier to use.

It was a good learning experience for me because I got more comfortable working with React and understanding how a web app connects to a backend service like Firebase. In the end, we had a working project that met the course requirements and gave me more confidence working on a real web app.",3,3,4,2,2,4,3,3,4,2,2,4,project_team_approved,confirmed,,,The existing scores are supported by the answer text and rubric.
ex_000223,test_review_candidates,project_overview,React web app,generic_confident_answer,"One project I worked on was a React web app I built as part of a course project. It used React on the front end and Firebase for things like data storage and authentication. The app was meant to help users manage and view information in a simple, organized way.

My role was mostly assisting with the development, so I helped with building some of the UI, connecting parts of the app to Firebase, and fixing issues as they came up. I also worked with the rest of the team to make sure the pages were consistent and that the basic user flow made sense.

It was a good learning experience for me because I got more comfortable working with React and saw how a real app is put together from start to finish. In the end, we had a working project that met the main goals of the assignment, and it helped me build confidence with front-end development.",3,3,4,2,3,4,3,3,4,2,3,4,project_team_approved,confirmed,,,The existing scores are supported by the answer text and rubric.
ex_000347,test_review_candidates,project_overview,React web app,generic_confident_answer,"One project I worked on was a React web app that used Firebase for the backend. It was a course project, so the main goal was to build something functional while learning how the pieces fit together. The app had a few basic features like user sign-in and saving data, and I helped with parts of the front-end and connecting it to Firebase.

My role was mostly assisting with the implementation, so I worked on smaller tasks, fixed issues, and helped make sure things were working as expected. It was a good experience for me because I got to practice using React in a real project structure and understand how to work with a backend service like Firebase.

Overall, it helped me become more comfortable with building web apps and working as part of a team, even on a smaller project.",3,2,4,2,2,4,3,2,4,2,2,4,project_team_approved,confirmed,,,The existing scores are supported by the answer text and rubric.
ex_000357,test_review_candidates,project_overview,React web app,generic_confident_answer,"One project I worked on was a React web app that used Firebase for the backend. It was a course project, so the goal was to build something practical while learning how to put the pieces together. My main role was assisting with the frontend, where I helped build a few of the pages and connect them to Firebase so the app could store and retrieve data.

I worked with the team to make sure the app was easy to use and that the basic flows worked smoothly. I also helped fix small bugs and test different parts of the app as we built it. Since it was one of my earlier projects, I learned a lot about how React components fit together and how Firebase can be used to handle data without needing a full custom backend.

Overall, it was a good experience because it gave me hands-on practice with a real web app and helped me get more comfortable working on a team and solving problems as they came up.",3,2,4,2,2,4,3,2,4,2,2,4,project_team_approved,confirmed,,,The existing scores are supported by the answer text and rubric.
ex_000370,test_review_candidates,project_overview,React web app,generic_confident_answer,"One project I worked on was a React web app that used Firebase for things like authentication and data storage. It was a course project, so the goal was to build something practical while learning how to structure a real application.

My role was mostly assisting with the frontend work. I helped build a few of the main pages, connected parts of the UI to Firebase, and worked on making the app feel more consistent and usable. I also spent time fixing small issues as they came up and testing different parts of the app to make sure things were working as expected.

It was a good learning experience for me because I got to see how the pieces of a web app fit together, especially on the React side. I also got more comfortable working with a team and asking questions when I got stuck. Overall, the project helped me build confidence with frontend development and gave me a better understanding of how to work on a real application.",3,2,4,2,2,4,3,2,4,2,2,4,project_team_approved,confirmed,,,The existing scores are supported by the answer text and rubric.
ex_000398,test_review_candidates,project_overview,React web app,generic_confident_answer,"One project I worked on was a React web app that used Firebase for things like authentication and storing data. It was a course project, so the main goal was to build something functional while learning how to structure a real app and work with a backend service.

My role was mostly assisting with the frontend. I helped build a few of the pages and components, and I also worked on connecting parts of the UI to Firebase so users could sign in and save information. Since I was still learning, I focused on following the existing structure, asking questions when I got stuck, and making small improvements where I could.

It was a good experience because it helped me get more comfortable with React and understand how a frontend app can interact with a backend service. By the end, we had a working project that met the main requirements, and I felt like I learned a lot from the process.",3,2,4,2,3,4,3,2,4,2,3,4,project_team_approved,confirmed,,,The existing scores are supported by the answer text and rubric.
official_strong_patch_problem_solving_000174,test_review_candidates,testing_story,testing framework,official_strong_problem_solving_218,"In my course portfolio project, I built a small testing framework in Python for a REST API backed by SQL, and testing changed the feature design pretty early. I originally planned to have the API return a single generic response for all validation errors, but when I started writing tests, I realized that would make both debugging and automation harder.

I owned the implementation of the test suite, so I wrote integration tests with `pytest` that covered the main API flows: creating records, updating them, handling duplicate data, and checking database state directly with SQL after each request. One test exposed a problem where the API returned `200 OK` even when the payload was missing a required field, because the route handler was only checking the request body loosely and the SQL insert was failing later. That made me redesign the endpoint so validation happened before any database call, and I added explicit `400` responses with field-level error messages.

I also changed the response structure based on the tests. Instead of one generic error string, I made the API return a consistent JSON format like `{""error"": ""..."", ""field"": ""...""}` so the tests could assert exact behavior and future cases would be easier to extend. After that, I added setup and teardown logic in the framework to seed test data and clean the database between runs, which reduced flaky failures caused by leftover rows.

The measurable result was that the suite went from catching only basic happy-path issues to covering both API and database behavior across 15+ test cases, and it exposed two real bugs before I considered the feature done. It also made the final implementation more predictable, because I was designing the endpoint around what the tests needed to verify rather than patching behavior afterward.",5,5,5,5,4,5,5,5,5,5,4,5,project_team_approved,confirmed,,,The existing scores are supported by the answer text and rubric.
official_strong_patch_problem_solving_000177,test_review_candidates,teamwork_conflict,machine learning project,official_strong_problem_solving_221,"In my course project, I worked on a small machine learning system that predicted whether a customer support ticket should be escalated. The team had three people, and my main responsibility was the Python backend that exposed the model through a REST API and handled the data flow from SQL to prediction.

My clearest personal contribution was debugging a problem where the model looked accurate in training, but the API predictions were inconsistent in testing. I traced it down by checking the full path end to end: the SQL query, the feature preprocessing, and the request payload sent to the endpoint. I found that one of the categorical fields was being encoded differently in the API than in the training notebook, so the model was receiving mismatched feature values. I fixed that by moving the preprocessing into a shared Python pipeline used both during training and inference, and I added validation so the API would reject incomplete or malformed requests with a clear error message.

I also wrote unit tests for the preprocessing functions and API tests for the `/predict` endpoint using sample JSON payloads. After the fix, the test accuracy in the project stayed stable at about 87%, and the API returned consistent predictions across repeated runs. The final demo worked reliably, and our team was able to show a complete flow from SQL data retrieval to model inference through the REST API.",5,5,5,5,4,5,5,5,5,5,4,5,project_team_approved,confirmed,,,The existing scores are supported by the answer text and rubric.
official_strong_patch_impact_000185,test_review_candidates,performance_improvement,database system,official_strong_impact_229,"In a course project, I worked on a small database-backed system with a Python REST API and SQL layer, and I personally owned a bug fix that improved both reliability and performance. We were seeing inconsistent results when users created and updated records through the API, and some endpoints were also slower than expected.

I started by reproducing the issue locally with the test data and tracing the request flow from the REST endpoint down to the SQL queries. I found two main problems: first, one endpoint was doing multiple separate queries inside a loop instead of using a single parameterized query, which caused unnecessary round trips to the database. Second, a few update paths were not handling transaction boundaries correctly, so partial writes could happen if one step failed.

I fixed this by refactoring the Python service layer to use a single transaction for each write operation and by replacing the repeated queries with a more efficient SQL join and batch fetch. I also tightened the input validation in the API so invalid payloads were rejected earlier, before hitting the database. After that, I added and updated unit tests and integration tests to cover the failure cases I had found, including rollback behavior and duplicate record handling.

To verify the improvement, I compared the endpoint behavior before and after the change. The slowest request path went from about 180 ms to around 70 ms in my local test environment, and the flaky write failures stopped showing up in the test suite. More importantly, the API became consistent under error conditions, and the tests gave us confidence that the fix would hold up.",4,4,4,4,4,5,4,4,4,4,4,5,project_team_approved,confirmed,,,The existing scores are supported by the answer text and rubric.
official_strong_patch_clarity_000120,test_review_candidates,technical_challenge,backend API,official_strong_clarity_164,"In my portfolio project, I built a Python REST API for managing course data, and one technical problem I solved was how to keep the API fast and consistent when several endpoints needed the same related data from SQL.

At first, I had endpoints like `GET /courses`, `GET /courses/{id}`, and `GET /students/{id}/courses`, and I was doing separate SQL queries inside each route handler. That worked, but I noticed two issues during testing: response times were getting slower as the data grew, and some endpoints were returning slightly different shapes of data because each handler was assembling the response a bit differently.

I took ownership of that part of the API and redesigned it so the database layer handled the shared query logic. I created a small repository/service layer in Python that used parameterized SQL queries and joins to fetch the exact data each endpoint needed in one query instead of multiple round trips. For example, for the course detail endpoint, I changed it from querying the course first and then looping to fetch related records, to a single query with joins and grouping in Python after the fetch. I also standardized the response schema in one place so all endpoints returned the same field names and nested structure.

While doing that, I ran into a bug where duplicate rows were appearing because of the join on a one-to-many relationship. I debugged it by printing the raw SQL results and comparing them to the expected objects, then fixed it by deduplicating on the course ID and building the nested list explicitly in the service layer. I added tests for the repository functions and API endpoints using pytest, including cases for empty results, missing IDs, and duplicate-related rows. I also added assertions on the exact JSON structure so I could catch regressions if the response shape changed.

The result was that the API became more predictable and easier to maintain, and the slowest endpoint went from about 300 ms to around 120 ms in my local testing with seeded data. More importantly, I had a cleaner design that made the rest of the project easier to extend.",5,5,5,5,4,5,5,5,5,5,4,5,project_team_approved,confirmed,,,The existing scores are supported by the answer text and rubric.
official_strong_patch_personal_contribution_000053,test_review_candidates,failure_or_learning,NLP course project,official_strong_personal_contribution_97,"In one of my NLP course projects, I built a small text classification service in Python with a REST API and a SQL database to store predictions and feedback. I owned the backend implementation end to end, including the API endpoints, the database schema, and the test suite.

What didn’t work at first was the prediction flow. The model was returning reasonable results in my notebook, but when I connected it to the API, the output was inconsistent and sometimes the same input produced different labels. I first thought it was a problem with the model itself, but after tracing the request through the code, I found two issues: the text preprocessing in the API was not identical to the preprocessing used during training, and I was also reloading the model on every request, which made debugging harder and slowed the endpoint down.

I fixed it by extracting the preprocessing into a shared Python function used by both training and inference, so tokenization and normalization were consistent. I also changed the API to load the model once at startup instead of inside the request handler. After that, I added tests for the preprocessing function, the prediction endpoint, and a few database write cases to make sure the stored results matched the API response.

The result was that the endpoint became stable, response time improved noticeably, and the tests caught a couple of edge cases with empty input and punctuation-heavy text before demo day. The main thing I learned was to verify the full path from training to production code, not just the model in isolation, and to use tests early when there are multiple moving parts like NLP, APIs, and SQL.",5,5,5,5,4,5,5,5,5,5,3,5,project_team_approved_with_corrections,corrected,impact,,Impact was corrected from 4 to 3 because the answer describes stability and demo benefits without measurable metrics or broader user/team value.
official_strong_patch_technical_depth_000026,test_review_candidates,testing_story,testing framework,official_strong_technical_depth_70,"In my course portfolio project, I built a small testing framework in Python for a REST API backed by SQL, and testing changed the feature design pretty early for me.

I originally planned to write the API tests as simple end-to-end checks that hit the real database every time. After I started writing the first test cases, I realized that approach made the suite slow and flaky because the same data was being reused across tests, and failures were hard to debug when one test polluted the next. So I changed the design before I went too far.

I refactored the framework to create test data through setup fixtures and to clean up records after each run. I also added SQL assertions for the database state, not just API response checks, so I could verify both the HTTP layer and the persistence layer. For example, after a `POST /users` request, I would assert the `201` response, then query the database directly to confirm the row was inserted with the expected fields and timestamps. That helped me catch a bug where the API returned success, but one column was being saved as `NULL` because of a mapping issue in the request handler.

I personally owned the test design, the Python test code, and the SQL verification queries. I used the failing tests to guide the implementation, especially around idempotent setup and teardown. Once I switched to isolated test data and database assertions, the suite became much more reliable.

The result was that I got the full test run down from about 12 minutes to 4 minutes, and I increased coverage of the main API flows from roughly 60% to 90%. More importantly, the tests caught two data-mapping bugs before I considered the feature done, so testing directly shaped how I built the final version.",5,5,5,5,5,5,5,5,5,5,5,5,project_team_approved,confirmed,,,The existing scores are supported by the answer text and rubric.
official_strong_patch_impact_000200,test_review_candidates,performance_improvement,database system,official_strong_impact_244,"In a course portfolio project, I worked on a small database system built with Python, a REST API, and SQL. I personally owned the part where I improved how the application handled repeated reads and writes, because the first version was getting slow and inconsistent once we started testing it with more realistic data.

My main change was to redesign a few API flows so they used clearer SQL transactions and fewer round trips to the database. For example, one endpoint was doing multiple separate queries to check whether a record existed, insert it, and then fetch the result. I changed that to use a single transaction with parameterized SQL and a returning query where possible, which reduced the chance of race conditions and made the code easier to reason about. I also added input validation in the REST layer so bad requests were rejected before hitting the database.

I verified the changes with tests at a few levels. I wrote unit tests for the Python service logic, API tests for the endpoints, and SQL-focused tests for edge cases like duplicate keys, missing fields, and rollback behavior when one statement failed. While debugging, I found one issue where a test was passing locally but failing in CI because the database state was not being reset between runs, so I fixed the test setup to create and tear down a clean schema for each test case.

The result was that the API became more reliable and noticeably faster under the project’s test workload. In our benchmark script, the updated endpoint reduced average response time by about 35%, and the test suite became stable enough to run consistently in CI without flaky failures.",5,5,5,5,5,5,5,5,5,5,5,5,project_team_approved,confirmed,,,The existing scores are supported by the answer text and rubric.
official_high_impact_patch_impact_000019,test_review_candidates,feature_delivery_under_constraint,analytics reporting tool,reduced_manual_work,"In my team course project, I worked on an analytics reporting tool that pulled data from CSV files and generated scheduled reports with Python and cron. My specific task was to build the part that cleaned the incoming CSV data and produced a daily summary file that the rest of the tool could use.

The main constraint was time and reliability. We only had a short window to get the demo working, and the CSV files were not always consistent — some rows had missing values, extra spaces, or slightly different column order. I had to make sure the report generation would still run automatically without breaking.

I handled that by writing a Python script that validated the required columns, normalized the data, and skipped or flagged bad rows instead of stopping the whole job. I also added logging so we could see exactly what was rejected and why. Then I set up a cron job to run the script every morning and output a clean summary CSV for the dashboard.

The measurable result was that before this, the team was manually fixing the input files and it was taking about 20 to 30 minutes each day. After my script was in place, the report ran automatically in under 2 minutes, and our final demo used the scheduled output successfully without any manual cleanup.",4,4,4,4,5,3,4,4,4,4,5,3,project_team_approved,confirmed,,,The existing scores are supported by the answer text and rubric.
ex_000047,test_review_candidates,debugging_story,mobile app,generic_confident_answer,"One project I worked on was a mobile app for a course project using React and Firebase. I was helping with the front-end and some of the data flow, and we ran into a bug where certain user actions were not saving correctly, but only sometimes. That made it hard to track down because it didn’t happen every time.

I helped by testing different steps in the app, checking the browser console, and comparing when the issue happened versus when it worked. We eventually found that the problem was related to how the app was handling the data before sending it to Firebase. I worked with the team to adjust that part and re-test it several times.

It was a good learning experience for me because it showed me how important it is to debug carefully and not assume the first thing you see is the real cause. In the end, we got the issue resolved and the app was working more reliably.",3,2,4,3,2,4,3,2,4,3,2,4,project_team_approved,confirmed,,,The existing scores are supported by the answer text and rubric.
ex_000139,test_review_candidates,debugging_story,mobile app,generic_confident_answer,"One project I worked on was a mobile app for a course project using React and Firebase. We ran into a bug where some users were seeing old data or missing updates after making changes in the app. I helped look into it by testing different user flows, checking the Firebase data, and comparing what was happening in the app with what we expected.

At first, it wasn’t obvious where the issue was coming from, so I worked with the rest of the team to narrow it down step by step. I mainly assisted by reproducing the problem, reviewing the parts of the code that handled data updates, and helping verify fixes as we made them. It took a bit of trial and error, but that process helped us understand the issue better.

In the end, we were able to improve the behavior and make the app more reliable. It was a good learning experience for me because it showed me how important it is to debug carefully, test small changes, and communicate with the team while solving a problem.",3,2,4,3,2,4,3,2,4,3,2,4,project_team_approved,confirmed,,,The existing scores are supported by the answer text and rubric.
ex_000166,test_review_candidates,debugging_story,mobile app,generic_confident_answer,"One project I worked on was a mobile app built with React and Firebase for a course project. We ran into an issue where the app would sometimes not show the latest data after a user made an update, and at first it wasn’t obvious whether the problem was in the frontend or with Firebase.

I helped by testing different parts of the flow and comparing what was happening in the app with what was actually being saved in Firebase. I also worked with my team to narrow it down by checking the timing of the data fetches and looking at where the state was being updated. It took a bit of trial and error, but that helped us understand that the app wasn’t always refreshing at the right time.

What I learned from that experience was to debug step by step instead of guessing, and to verify each part of the process separately. In the end, we were able to improve the behavior of the app and make it more reliable.",3,2,4,3,2,4,3,2,4,3,2,4,project_team_approved,confirmed,,,The existing scores are supported by the answer text and rubric.
ex_000190,test_review_candidates,debugging_story,mobile app,generic_confident_answer,"One project I worked on was a mobile app built with React and Firebase for a course project. I helped with the debugging when we started seeing an issue where some user data wasn’t showing up correctly after login.

At first, it wasn’t obvious what was wrong because the app seemed to work for some users but not others. I assisted by checking the flow step by step, looking at the login process, the data being sent and received, and comparing what was happening in the app with what we expected. I also worked with the rest of the team to narrow down whether the problem was in the front end or in Firebase.

What made it difficult was that the issue didn’t happen every time, so we had to test it a few different ways and be patient while tracing it. In the end, we found the cause and made a fix that improved the app’s reliability. It was a good learning experience for me because it showed me how important it is to debug carefully and not assume the first thing you see is the real problem.",3,2,4,3,2,4,3,2,4,3,2,4,project_team_approved,confirmed,,,The existing scores are supported by the answer text and rubric.
ex_000205,test_review_candidates,debugging_story,mobile app,generic_confident_answer,"One project I worked on was a mobile app built with React and Firebase as part of a course project. I was mainly assisting with the debugging, so I helped look into an issue where some users were seeing inconsistent data after logging in and switching between screens.

At first, it wasn’t obvious what was causing it because the app seemed to work fine in some cases. I helped by testing different user flows, checking where the data was being loaded, and comparing what happened in the app with what was stored in Firebase. We eventually found that the issue was related to how the app was handling updates and reloading data in a few places.

My main contribution was helping narrow down when the problem happened and verifying fixes as we made them. It was a good learning experience because it showed me how important it is to test edge cases and to debug step by step instead of assuming the first thing you see is the root cause. In the end, we were able to improve the behavior and make the app more reliable.",3,2,4,3,2,4,3,2,4,3,2,4,project_team_approved,confirmed,,,The existing scores are supported by the answer text and rubric.
ex_000212,test_review_candidates,debugging_story,mobile app,generic_confident_answer,"One project I worked on was a mobile app I built as part of a course project using React and Firebase. We ran into an issue where some users were seeing old data or missing updates, and at first it wasn’t obvious why.

I helped by testing different parts of the app and checking whether the problem was in the front end or with the Firebase data. I also compared what was happening on my device with what other people were seeing, which helped narrow it down. After that, I worked with the rest of the team to trace the issue and make a small fix in how the data was being loaded and refreshed.

It was a good learning experience for me because it showed me how important it is to debug step by step instead of guessing. In the end, we got the app working more reliably and I felt more confident troubleshooting issues in a real project.",3,3,4,3,2,4,3,3,4,3,2,4,project_team_approved,confirmed,,,The existing scores are supported by the answer text and rubric.
ex_000272,test_review_candidates,debugging_story,mobile app,generic_confident_answer,"One project that comes to mind was a mobile app I worked on using React and Firebase for a course project. We were building a simple app with user login and saved data, and I helped with the front-end and some of the Firebase setup.

We ran into an issue where some users would log in, but their data wouldn’t always load correctly. At first it was hard to tell whether the problem was in the UI or in the Firebase calls. I helped by testing different user flows, checking the console for errors, and comparing what was happening in the app with what we expected. That made it easier to narrow down where the issue was happening.

What I learned from that was to debug step by step instead of guessing. Even though I was mostly assisting, I got a better understanding of how to trace a problem through the app and how important it is to test small changes one at a time. In the end, we were able to get the issue under control and make the app more reliable.",3,2,4,3,2,4,3,2,4,3,2,4,project_team_approved,confirmed,,,The existing scores are supported by the answer text and rubric.
ex_000279,test_review_candidates,debugging_story,mobile app,generic_confident_answer,"One project I worked on was a mobile app built with React and Firebase for a course project. I helped out with debugging when we started seeing an issue where some user data wasn’t showing up correctly after login.

My role was mostly to assist by testing different parts of the app, checking the flow from the frontend to Firebase, and helping narrow down where the problem was happening. At first, it wasn’t obvious whether the issue was in the UI or in how the data was being saved and loaded, so I went step by step and compared what I expected to happen with what was actually happening.

What helped most was staying organized and testing one change at a time. I also asked questions when I got stuck, which helped me understand the problem better instead of guessing. In the end, we were able to identify the issue and get the app working more reliably.

That project taught me that debugging is often about being patient, breaking the problem down, and not assuming the first thing you see is the real cause.",3,2,4,3,2,4,3,2,4,3,2,4,project_team_approved,confirmed,,,The existing scores are supported by the answer text and rubric.
ex_000302,test_review_candidates,debugging_story,mobile app,generic_confident_answer,"One project I worked on was a mobile app built with React and Firebase for a course project. I was mainly helping the team with debugging and testing, so when we ran into a problem where some user data wasn’t showing up correctly, I spent time trying to figure out where it was breaking.

At first, it wasn’t obvious whether the issue was in the UI or in the Firebase data. I helped by checking the flow step by step, looking at the app behavior, and comparing what we expected with what was actually being saved and displayed. I also worked with the team to narrow it down by testing different cases and making small changes one at a time.

What I learned from that was to be patient and systematic instead of guessing. Even though it took some time, we were able to identify the issue and get the app working more reliably. It was a good experience for me because it showed me how important debugging and teamwork are in a real project.",3,2,4,3,2,4,3,2,4,3,2,4,project_team_approved,confirmed,,,The existing scores are supported by the answer text and rubric.
ex_000314,test_review_candidates,debugging_story,mobile app,generic_confident_answer,"One project I worked on was a mobile app for a course project using React and Firebase. I mostly assisted with the debugging, but I was involved in helping track down an issue where some user data wasn’t showing up correctly after login.

At first, it wasn’t obvious what was causing it because the app seemed to work for some users and not for others. I helped test different parts of the flow, checked the data being passed around, and compared what was happening in the app with what was stored in Firebase. We eventually found that the issue was related to how the data was being loaded and updated in a couple of places.

What I learned from that project was to be more systematic when debugging instead of guessing. It also showed me how important it is to test edge cases and follow the full flow from the UI to the backend. In the end, we were able to get the issue resolved and the app worked more reliably.",3,2,4,3,2,4,3,2,4,3,2,4,project_team_approved,confirmed,,,The existing scores are supported by the answer text and rubric.
ex_000335,test_review_candidates,debugging_story,mobile app,generic_confident_answer,"One project I worked on was a mobile app built with React and Firebase for a course project. I helped with the debugging when we started seeing an issue where some data wasn’t showing up correctly for certain users.

My role was mostly to assist by testing different parts of the app, checking the console, and helping narrow down when the problem was happening. At first it wasn’t obvious because the app seemed to work fine in some cases, but not in others. I worked with the rest of the team to compare what was happening in the frontend with what was being saved in Firebase, and that helped us figure out where to look.

The main thing I learned was to be patient and break the problem into smaller parts instead of trying to guess the cause right away. I also got more comfortable reading logs and checking how data was moving through the app. In the end, we were able to improve the issue and get the app working more reliably.",3,2,4,3,2,4,3,2,4,3,2,4,project_team_approved,confirmed,,,The existing scores are supported by the answer text and rubric.
ex_000392,test_review_candidates,debugging_story,mobile app,generic_confident_answer,"One project that comes to mind was a mobile app I worked on using React and Firebase. We were building a simple app for tracking user activity, and I helped with some of the front-end work and connecting it to Firebase.

At one point, we had an issue where data was not showing up consistently for some users. It was a bit difficult to debug because it didn’t happen every time, so at first it was hard to tell if the problem was in the UI, the data being saved, or the way it was being read back. I assisted by checking the flow step by step, adding a few logs, and comparing what was happening in the app with what was stored in Firebase.

What helped most was breaking the problem down and testing small parts instead of trying to guess the full cause right away. I also worked with the rest of the team to narrow it down and make sure we were looking at the same behavior.

In the end, we were able to identify the issue and make the app more reliable. It was a good learning experience for me because it showed me how important it is to stay patient, test carefully, and communicate clearly when debugging.",3,2,4,3,2,4,3,2,4,3,2,4,project_team_approved,confirmed,,,The existing scores are supported by the answer text and rubric.
ex_000412,test_review_candidates,debugging_story,mobile app,generic_confident_answer,"One project I worked on was a mobile app built with React and Firebase for a course project. I was mainly helping with the debugging side, and one issue we ran into was that some data wasn’t showing up correctly for certain users, even though it seemed to be saving fine.

At first, it was a bit hard to tell where the problem was because the app looked like it was working in some cases. I helped by checking the flow step by step, looking at the frontend, the Firebase data, and comparing what was happening for different test accounts. We eventually found that the issue was related to how the app was handling the data after it was saved, so it wasn’t always displaying the latest information.

What I learned from that was to break the problem down into smaller parts instead of trying to guess the cause right away. I also got better at using logs and testing one change at a time. In the end, we were able to get it working more reliably, and it was a good experience for me because it showed me how to stay patient and methodical when debugging.",3,2,4,3,2,4,3,2,4,3,2,4,project_team_approved,confirmed,,,The existing scores are supported by the answer text and rubric.
official_strong_patch_clarity_000128,test_review_candidates,failure_or_learning,NLP course project,official_strong_clarity_172,"In a course project, I built a small NLP service in Python that took text, classified it, and exposed the result through a REST API backed by SQL. I owned the API design and the integration between the model, the database, and the tests.

At first, my design did not work well because I was storing the raw text and the prediction in the same request flow, and the endpoint was timing out whenever the input was a bit larger. I also had a bug where the same text could be processed twice if the client retried the request, which created duplicate rows in the database. I initially assumed the issue was in the model, but after adding logging and running the endpoint locally with test payloads, I found the bottleneck was actually the synchronous processing inside the API layer.

I fixed it by separating the request validation, text preprocessing, and prediction steps more clearly. I also added a unique request hash in SQL so repeated submissions would be detected instead of inserted again. On the testing side, I wrote unit tests for the preprocessing function, API tests for status codes and duplicate handling, and a few integration tests that hit the endpoint with sample texts and checked the database state afterward.

After that change, the endpoint response time for normal requests dropped from around 2–3 seconds to under 500 ms in my local tests, and the duplicate-record issue was eliminated in the test suite. What I learned was that a design can look fine on paper, but for NLP systems the API boundary, data flow, and idempotency matter just as much as the model itself. I also learned to debug by isolating each layer instead of assuming the first thing I built was the problem.",5,5,5,5,4,5,5,5,5,5,4,5,project_team_approved,confirmed,,,The existing scores are supported by the answer text and rubric.
official_high_impact_patch_impact_000020,test_review_candidates,failure_or_learning,NLP course project,accuracy_or_quality_improvement,"In my NLP course project, I was building a text classification model in Python with scikit-learn to label short student feedback into categories like “content,” “organization,” and “clarity.” My part was to design the preprocessing and validation approach, because at first our model looked much better on the training data than it did on new examples.

Initially, I used a very simple setup: lowercasing, removing punctuation, and then a TF-IDF vectorizer with a logistic regression classifier. On the training set, the accuracy was around 92%, so I thought we were in good shape. But when I tested it on a held-out validation set, performance dropped to about 68%, and the model was especially bad at the smaller classes. That was the first sign that something in the design was off, not just the model itself.

I dug into the error cases and realized two things. First, I had been tuning the model while looking too much at the training results, which made me overestimate how well it generalized. Second, our validation split was not representative enough because the classes were imbalanced. I changed the workflow so we used a proper train/validation split with stratification, and I compared several options using the validation set instead of the training score. I also added n-grams to the TF-IDF features and set `class_weight='balanced'` in logistic regression. That helped the model pay more attention to the smaller labels.

After those changes, validation accuracy improved from 68% to 81%, and macro F1 went up by about 14 points. More importantly, the model stopped missing the minority categories as often, which made the final demo much more convincing. The main thing I learned was that a design decision can look fine on paper, but if you don’t validate it properly, you can end up optimizing for the wrong thing. Since then, I’ve been much more careful about using a validation set early and checking class balance before trusting any metric.",4,4,5,5,4,5,4,4,5,5,4,5,project_team_approved,confirmed,,,The existing scores are supported by the answer text and rubric.
ex_000004,test_review_candidates,project_overview,React web app,vague_but_relevant,"Sure — one project I worked on was a React web app I built as part of a course project. It was basically a simple app where users could browse some content and interact with it through a few different screens. I used React and JavaScript for it, and I helped with things like building components, setting up the layout, and making sure the pages worked together smoothly.

I was mostly assisting on the project rather than leading everything, so I got to learn a lot by working through the pieces with the rest of the team. I also spent time fixing small bugs and making the interface feel more consistent. It was a good experience because it helped me get more comfortable with React and understand how to turn an idea into something usable.

Overall, it went well and I learned a lot from it, especially about working with components and keeping the code organized enough to build on later.",2,3,4,1,2,4,2,3,4,1,2,4,project_team_approved,confirmed,,,The existing scores are supported by the answer text and rubric.
ex_000010,test_review_candidates,project_overview,React web app,vague_but_relevant,"One project I worked on was a React web app for a course project. It was basically a small portfolio-style app where users could browse some content and interact with a few simple features. I used React and JavaScript, and I helped with building a few of the components and making the pages work together.

I wasn’t the main person driving the whole project, but I assisted with the front-end work and helped fix some issues when things weren’t displaying correctly. I also spent time making sure the app felt clean and easy to use. It was a good experience for me because I got to practice working with React in a real project setting and learn how to break a bigger idea into smaller parts.

Overall, the project came together pretty well, and it helped me get more comfortable with front-end development and working with a team.",2,2,4,2,2,3,2,2,4,2,2,3,project_team_approved,confirmed,,,The existing scores are supported by the answer text and rubric.
ex_000018,test_review_candidates,project_overview,React web app,vague_but_relevant,"Sure — one project I worked on was a React web app for a course project. It was basically a small app where users could browse and interact with some content, and I helped build parts of the frontend using React and JavaScript.

My role was more of an assisting role, so I wasn’t leading the whole thing, but I did help with things like creating components, making the pages work together, and fixing bugs when something wasn’t displaying correctly. I also worked with the rest of the team to make sure the app felt consistent and that the basic user flow made sense.

It was a good learning experience for me because I got more comfortable with React and how to break a project into smaller pieces. I also learned a lot about working with other people on the same codebase and how important it is to communicate when something changes. Overall, the project came together well and gave me a better understanding of how frontend development works in a real team setting.",2,2,4,2,2,4,2,2,4,2,2,4,project_team_approved,confirmed,,,The existing scores are supported by the answer text and rubric.
ex_000032,test_review_candidates,project_overview,React web app,vague_but_relevant,"One project I worked on was a React web app for a course project. It was basically a small frontend app where users could move through different pages and interact with some simple features, and I helped build parts of the interface using React and JavaScript.

My role was more of an assisting role, so I wasn’t leading the whole project, but I did help with things like creating components, making the layout work, and fixing bugs when something wasn’t displaying correctly. I also worked with the rest of the team to make sure the pages felt consistent and the app was usable.

It was a good learning experience for me because I got more comfortable with React and how to break a project into smaller pieces. I also learned a lot from seeing how the team handled problems and put everything together. In the end, we finished the project and it worked well enough for the class, so I felt good about what we built.",2,2,4,2,2,4,2,2,4,2,2,4,project_team_approved,confirmed,,,The existing scores are supported by the answer text and rubric.
ex_000040,test_review_candidates,project_overview,React web app,vague_but_relevant,"One project I worked on was a React web app for a course project. It was basically a small app where users could browse some content and interact with a few different pages, and I helped build parts of the front end using React and JavaScript. I mostly assisted with setting up components, making sure the pages displayed the right information, and fixing small issues when things weren’t working right.

It was a good learning experience for me because I got more comfortable working with React and understanding how different parts of a web app fit together. I also learned how important it is to keep things simple and test changes as you go, especially when you’re working with a team. In the end, we got the project finished and it worked well enough for the class, so I was happy with how it turned out.",3,2,4,2,2,4,3,2,4,2,2,4,project_team_approved,confirmed,,,The existing scores are supported by the answer text and rubric.
ex_000049,test_review_candidates,project_overview,React web app,vague_but_relevant,"Sure — one project I worked on was a React web app I built as part of a course project. It was basically a simple front-end app where users could view different pieces of content and interact with a few basic features, and I used React and JavaScript for it.

I mainly assisted with the project, so I helped build some of the components and worked on making the pages display the right information. I also helped with a few small fixes when things weren’t working as expected, like making sure data showed up correctly and the layout looked okay.

It was a good learning experience for me because I got more comfortable working with React and thinking about how different parts of a web app fit together. In the end, we finished a working version of the app, and it helped me understand front-end development a lot better.",2,2,4,2,2,3,2,2,4,2,2,3,project_team_approved,confirmed,,,The existing scores are supported by the answer text and rubric.
ex_000055,test_review_candidates,project_overview,React web app,vague_but_relevant,"One project I worked on was a React web app I built as part of a course project. It was basically a small portfolio-style app where users could browse different pages and interact with some simple features. I used React and JavaScript for it, and I helped with things like building components, setting up the page structure, and making sure the app felt consistent across the different screens.

I mostly assisted with the front-end side of things, so I worked on reusable components and helped fix a few bugs when things weren’t displaying correctly. It was a good learning experience for me because I got more comfortable with React and how to break a project into smaller pieces. I also learned a bit about working through issues step by step instead of trying to solve everything at once.

Overall, it was a pretty useful project for me because it gave me hands-on experience with building something from scratch, and I felt like I came away with a better understanding of how a real web app comes together.",3,3,4,2,2,3,3,3,4,2,2,3,project_team_approved,confirmed,,,The existing scores are supported by the answer text and rubric.
ex_000066,test_review_candidates,project_overview,React web app,vague_but_relevant,"One project I worked on was a React web app for a course project. It was basically a small app where users could browse information and interact with a few simple features, and I helped build parts of the front end using React and JavaScript.

My role was more of an assisting one, so I worked on some of the components, helped with layout and basic functionality, and fixed a few issues when things weren’t behaving the way we expected. I also spent time learning how the different parts of the app connected, which was really helpful for me because I got more comfortable working with React in a real project setting.

It was a good experience overall because I got to see how a web app comes together from start to finish, even on a smaller scale. The project ended up working well enough for the class, and I learned a lot from being part of the team.",2,2,3,2,2,4,2,2,3,2,2,4,project_team_approved,confirmed,,,The existing scores are supported by the answer text and rubric.
ex_000071,test_review_candidates,project_overview,React web app,vague_but_relevant,"One project I worked on was a React web app for a course project. It was basically a small app where users could view different pieces of content and interact with the interface in a simple way. I used React and JavaScript for most of it, and I helped with building some of the components and making sure the pages worked together.

I was more of a support role on the project, so I assisted with things like setting up parts of the UI, fixing small bugs, and helping connect different pieces of the app. It was a good experience for me because I got to see how a project comes together from start to finish, and I learned a lot about working with React in a real project setting.

Overall, it went pretty well and helped me get more comfortable with front-end development and working with a team.",2,2,3,1,2,3,2,2,3,1,2,3,project_team_approved,confirmed,,,The existing scores are supported by the answer text and rubric.
ex_000076,test_review_candidates,project_overview,React web app,vague_but_relevant,"One project I worked on was a React web app for a course project. It was basically a small front-end app where users could view different pages and interact with some simple features, and I used React and JavaScript for most of it. I helped out with building a few components and connecting the UI together, so I wasn’t doing everything on my own, but I did get to work through a lot of the setup and logic with the team.

What I learned most from it was how to break a bigger task into smaller pieces and how to make components work together more cleanly. I also got more comfortable with debugging and figuring out why something wasn’t rendering the way I expected. Overall, it was a good experience because it gave me a better understanding of how React projects are put together, and the final app came out pretty well.",3,2,4,2,2,4,3,2,4,2,2,4,project_team_approved,confirmed,,,The existing scores are supported by the answer text and rubric.
ex_000082,test_review_candidates,project_overview,React web app,vague_but_relevant,"One project I worked on was a React web app for a course project. It was basically a small app where users could browse information and interact with a few different pages, and I helped build some of the front-end pieces using React and JavaScript. My part was mostly assisting with components, making sure the UI showed the right data, and fixing a few bugs when things didn’t render correctly.

It was a good learning experience for me because I got more comfortable working with React, breaking things into reusable components, and understanding how the different parts of the app fit together. I also got a better sense of how to work with other people on a project and keep things moving when we ran into issues. Overall, it went well and helped me build confidence with front-end development.",3,2,4,2,2,3,3,2,4,2,2,3,project_team_approved,confirmed,,,The existing scores are supported by the answer text and rubric.
ex_000088,test_review_candidates,project_overview,React web app,vague_but_relevant,"Sure — one project I worked on was a React web app I built as part of a course project. It was basically a simple app for browsing and managing some content, and I used React and JavaScript for most of it. I mainly helped with building a few of the pages, setting up components, and making sure the app was working smoothly.

I was also involved in fixing small issues as they came up and making some updates based on feedback from the rest of the group. It was a good experience for me because I got more comfortable with React and learned how to break a project into smaller parts instead of trying to do everything at once.

Overall, it was a pretty useful project for me, and it helped me understand how front-end development works in a real team setting, even though it was still a course project.",2,3,3,2,2,3,2,3,3,2,2,3,project_team_approved,confirmed,,,The existing scores are supported by the answer text and rubric.
ex_000093,test_review_candidates,project_overview,React web app,vague_but_relevant,"One project I worked on was a React web app for a course project. It was basically a small app where users could view information, interact with a few different pages, and navigate around without the site reloading. I used React and JavaScript for most of it.

My role was more of an assisting role, so I helped build some of the components and worked on parts of the UI with the rest of the team. I also helped fix a few bugs and made small updates when things weren’t displaying correctly. It was a good project for me because I got more comfortable with React and learned how to break a page into reusable pieces.

Overall, it went pretty well and helped me get more hands-on experience with front-end development.",2,2,4,1,2,3,2,2,4,1,2,3,project_team_approved,confirmed,,,The existing scores are supported by the answer text and rubric.
ex_000098,test_review_candidates,project_overview,React web app,vague_but_relevant,"One project I worked on was a React web app I built as part of a course project. It was basically a small app where users could browse some content, view details, and interact with a few simple features. I used React and JavaScript for it, and I helped with things like building some of the components, connecting the pages together, and making sure the app felt usable.

I was mostly assisting on the project rather than leading everything, so I got to learn a lot by working through the pieces with the rest of the team. I remember spending time figuring out how to structure the components and how to pass data around in a clean way. It also helped me get more comfortable with React and with debugging small issues as they came up.

Overall, it was a good experience because it gave me a better understanding of how a front-end project comes together, and I felt like I came away with a stronger grasp of the basics.",3,2,3,2,2,4,3,2,3,2,2,4,project_team_approved,confirmed,,,The existing scores are supported by the answer text and rubric.
ex_000105,test_review_candidates,project_overview,React web app,vague_but_relevant,"Sure — one project I worked on was a React web app for a course project. It was basically a small app where users could view different pieces of content and interact with the interface in a simple way. I used React and JavaScript for it, and I helped with building some of the pages and making parts of the UI work.

My role was more of an assistant on the project, so I wasn’t doing everything from scratch, but I did get to work on components, help fix bugs, and make small improvements as we went along. I also learned a lot about how React apps are structured and how to break things into reusable parts.

It was a good experience for me because it gave me more confidence working on a real project instead of just small exercises. The app came together well enough for the class, and I definitely came away with a better understanding of front-end development.",2,2,3,1,2,3,2,2,3,1,2,3,project_team_approved,confirmed,,,The existing scores are supported by the answer text and rubric.
ex_000110,test_review_candidates,project_overview,React web app,vague_but_relevant,"One project I worked on was a React web app I built as part of a course project. It was basically a small frontend application where users could browse some content, view details, and interact with a few simple features. I used React and JavaScript for it, and I helped with things like building components, setting up the page structure, and making the interface work smoothly.

I wasn’t the only person working on it, so I mostly assisted with the development and jumped in where needed. I also spent some time fixing small bugs and making sure the app behaved the way we wanted. It was a good learning experience for me because I got more comfortable with React and learned how to work through problems step by step.

Overall, it was a simple project, but it helped me understand how a real web app comes together and gave me more confidence working with frontend development.",3,2,3,2,2,4,3,2,3,2,2,4,project_team_approved,confirmed,,,The existing scores are supported by the answer text and rubric.
ex_000116,test_review_candidates,project_overview,React web app,vague_but_relevant,"One project I worked on was a React web app for a course project. It was basically a small app where users could view information, interact with a few different pages, and navigate around without the page reloading. I used React and JavaScript for most of it, and I helped with building some of the components and connecting the different parts of the UI together.

I wasn’t the only person working on it, so I mostly assisted with the front-end side and helped fix small issues as we went along. I also got some experience figuring out how to structure components and make the app feel more consistent. It was a good learning experience for me because I got to practice working with React in a more real project setting instead of just doing small exercises.

Overall, the project went well and helped me get more comfortable with JavaScript and React, especially with how a web app comes together from start to finish.",2,2,4,1,2,3,2,2,4,1,2,3,project_team_approved,confirmed,,,The existing scores are supported by the answer text and rubric.
ex_000122,test_review_candidates,project_overview,React web app,vague_but_relevant,"One project I worked on was a React web app for a course project. It was a pretty simple app overall, but it helped me get more comfortable with React and JavaScript. I mostly assisted with building parts of the interface and connecting some of the components together.

My role was more on the support side, so I helped where I could and learned a lot by working through the code with the rest of the team. I got to practice things like breaking the UI into smaller pieces and making the app feel more usable. It also helped me understand how a project comes together from start to finish, even when it’s not very large.

In the end, we had a working app that met the main goals of the project, and it was a good experience for me because it gave me more confidence working with React in a real project setting.",2,2,4,1,2,3,2,2,4,1,2,3,project_team_approved,confirmed,,,The existing scores are supported by the answer text and rubric.
ex_000129,test_review_candidates,project_overview,React web app,vague_but_relevant,"Sure — one project I worked on was a React web app I built as part of a course project. It was basically a simple app where users could browse some content and interact with a few different pages and features. I used React and JavaScript for it, and I helped with things like setting up components, making the UI work, and connecting some of the basic interactions.

I wasn’t the only person working on it, so my role was more of assisting with the development and helping wherever needed. I spent a lot of time making sure the pages displayed correctly and fixing small issues when things didn’t behave as expected. It was a good project for me because I got more comfortable with React and learned how to break a bigger idea into smaller parts.

Overall, it was a pretty useful experience for me, and it helped me understand how to work on a web app from start to finish, even if it was a simple one.",2,2,3,1,2,3,2,2,3,1,2,3,project_team_approved,confirmed,,,The existing scores are supported by the answer text and rubric.
ex_000137,test_review_candidates,project_overview,React web app,vague_but_relevant,"One project I worked on was a React web app for a course project. It was basically a small app where users could view different pieces of content and interact with the interface, and I used JavaScript and React for most of it. I helped with building some of the components and making the pages work together, and I also fixed a few bugs when things weren’t displaying correctly.

I was still learning a lot at the time, so I mostly assisted with the frontend side and followed the structure the team had already started. It helped me get more comfortable with React, working with props and state, and just understanding how a real project comes together. In the end, we got it working well enough for the class, and it was a good experience for me because I got to practice building something from scratch and working with other people on it.",3,2,3,2,2,4,3,2,3,2,2,4,project_team_approved,confirmed,,,The existing scores are supported by the answer text and rubric.
ex_000145,test_review_candidates,project_overview,React web app,vague_but_relevant,"One project I worked on was a React web app for a course project. It was basically a small app where users could view different pieces of content and interact with the interface in a simple way. I used React and JavaScript for most of it, and I helped with building some of the components and making the pages work together.

My role was more of an assistant on the project, so I wasn’t doing everything from scratch, but I did contribute to the front end and helped fix a few issues when things weren’t behaving the way we expected. I also got some experience working with props, state, and making sure the UI updated properly when users clicked around.

It was a good learning experience for me because I got to see how a real project comes together, even if it was a smaller one. I think it helped me get more comfortable with React and with working on a team, and overall the project turned out well.",2,2,3,1,2,4,2,2,3,1,2,4,project_team_approved,confirmed,,,The existing scores are supported by the answer text and rubric.
ex_000151,test_review_candidates,project_overview,React web app,vague_but_relevant,"Sure — one project I worked on was a React web app I built as part of a course project. It was basically a small app for browsing and managing some simple content, and I used React and JavaScript for most of it.

My role was more on the assisting side, so I helped with building a few components, connecting the pages together, and fixing bugs when things weren’t working right. I also spent some time making sure the app looked clean and was easy to use. I learned a lot about how React apps are structured and how to break a bigger task into smaller pieces.

It was a good experience because it gave me a chance to work through real development problems, even though it was a smaller project. By the end, we had something working that showed the main idea well, and it helped me get more comfortable with frontend development.",2,2,4,2,2,4,2,2,4,2,2,4,project_team_approved,confirmed,,,The existing scores are supported by the answer text and rubric.
ex_000165,test_review_candidates,project_overview,React web app,vague_but_relevant,"One project I worked on was a React web app for a course project. It was basically a small app where users could browse some content and interact with a few different pages, and I helped build parts of the front end using React and JavaScript. My role was more of an assisting role, so I worked with the rest of the team on things like components, basic page layout, and helping fix bugs when something wasn’t working right.

I learned a lot from that project because it was one of the first times I had to work on something a bit bigger than a simple practice exercise. I got more comfortable with React, especially how to break the UI into smaller pieces and pass data around. I also had to spend time debugging and figuring out why certain parts weren’t updating the way we expected, which was good practice for me.

Overall, it was a good experience and helped me understand how a real front-end project comes together, even though it was still a course project.",3,2,4,2,2,4,3,2,4,2,2,4,project_team_approved,confirmed,,,The existing scores are supported by the answer text and rubric.
ex_000172,test_review_candidates,project_overview,React web app,vague_but_relevant,"One project I worked on was a React web app I built as part of a course project. It was basically a simple frontend app where users could browse some content and interact with a few different pages and components. I used React and JavaScript for it, and I helped with things like setting up components, handling basic state, and making the UI work smoothly.

I wasn’t the only person working on it, so I mostly assisted with the development and helped fix issues as they came up. I also spent time making sure the app was organized in a way that made sense and was easy to follow. It was a good learning experience for me because I got more comfortable working with React and thinking through how different parts of a web app fit together.

Overall, it went well and helped me build confidence with frontend development.",2,2,3,1,2,3,2,2,3,1,2,3,project_team_approved,confirmed,,,The existing scores are supported by the answer text and rubric.
ex_000178,test_review_candidates,project_overview,React web app,vague_but_relevant,"One project I worked on was a React web app I built for a course project. It was basically a small front-end app where users could view and interact with some content, and I used React and JavaScript to put it together. I helped with the main UI pieces, like setting up components, handling basic page changes, and making sure the app felt usable.

I was mostly assisting on the project, so I got to work alongside others and learn how to break the work into smaller parts. I also spent time fixing bugs and making small improvements when things weren’t behaving the way we wanted. It was a good experience because it helped me get more comfortable with React and understand how a real project comes together.

Overall, it went well and I learned a lot from it.",2,2,3,2,2,3,2,2,3,2,2,3,project_team_approved,confirmed,,,The existing scores are supported by the answer text and rubric.
ex_000185,test_review_candidates,project_overview,React web app,vague_but_relevant,"One project I worked on was a React web app for a course project. It was basically a small app where users could browse some content and interact with a few simple features, and I helped build parts of the front end using React and JavaScript. I mostly assisted with putting together components, handling basic state, and making sure the pages looked and worked consistently.

I was still learning a lot at the time, so I worked closely with the rest of the team and picked up a better understanding of how React apps are structured. I also spent time fixing small bugs and making changes based on feedback. It was a good experience because it gave me more confidence working on a real project instead of just doing isolated अभ्यास exercises.

Overall, it went well and helped me get more comfortable with building user interfaces and working in a team.",3,2,4,2,2,4,3,2,4,2,2,4,project_team_approved,confirmed,,,The existing scores are supported by the answer text and rubric.
ex_000195,test_review_candidates,project_overview,React web app,vague_but_relevant,"One project I worked on was a React web app for a course project. It was basically a small app where users could browse some content, interact with a few different pages, and see updates without the whole page reloading. I used React and JavaScript for it, and I mainly helped with building some of the components and getting the basic UI working.

I wasn’t the only person working on it, so I mostly assisted with parts of the front end and helped fix a few issues when things weren’t displaying correctly. I also got some practice with breaking the app into reusable pieces, which was helpful because at first it felt a little messy to keep everything organized.

Overall, it was a good learning experience for me because it gave me a better understanding of how a React project comes together and how to work through problems as I build. The project ended up working well enough for the class, and I felt like I learned a lot from it.",2,2,3,2,2,4,2,2,3,2,2,4,project_team_approved,confirmed,,,The existing scores are supported by the answer text and rubric.
ex_000203,test_review_candidates,project_overview,React web app,vague_but_relevant,"Sure — one project I worked on was a React web app for a course project. It was basically a small frontend app built with React and JavaScript, and I helped out with some of the components and general UI work. My role was more on the assisting side, so I wasn’t leading the whole thing, but I did contribute to building parts of the interface and making sure things worked the way they were supposed to.

It was a good learning experience for me because I got more comfortable with React, especially how to break the app into reusable pieces and pass data around. I also got to work through a few bugs and figure things out as I went, which helped me understand the development process better. Overall, it was a simple project, but it gave me a better feel for how to work on a real web app and collaborate with others.",2,2,4,2,2,4,2,2,4,2,2,4,project_team_approved,confirmed,,,The existing scores are supported by the answer text and rubric.
ex_000225,test_review_candidates,project_overview,React web app,vague_but_relevant,"One project I worked on was a React web app I built as part of a course project. It was basically a simple app for browsing and managing some content, and I used React and JavaScript for the front end. I helped with building a few of the main pages and connecting the components together, and I also assisted with some of the basic functionality like showing data and handling user actions.

It was a good learning experience for me because I got more comfortable working with components, props, and state, and I started to understand how the different parts of a React app fit together. I also had to troubleshoot a few issues along the way, which helped me get better at reading errors and figuring things out step by step.

Overall, it was a solid project for me because it gave me hands-on experience with React and helped me practice working on something a bit more like a real application.",3,3,4,2,2,4,3,3,4,2,2,4,project_team_approved,confirmed,,,The existing scores are supported by the answer text and rubric.
ex_000232,test_review_candidates,project_overview,React web app,vague_but_relevant,"One project I worked on was a React web app I built as part of a course project. It was basically a simple app for organizing and viewing information, and I used JavaScript and React for most of it. My role was mostly assisting with the frontend work, so I helped build a few components, worked on the layout, and made some small fixes when things weren’t behaving the way we wanted.

It was a good learning experience for me because I got more comfortable with React and how the different parts of a web app fit together. I also had to spend some time figuring out how to pass data around and make the UI feel more responsive. Overall, it turned out well and helped me understand how to work on a project from start to finish, even if it was a pretty small one.",3,3,4,2,2,4,3,3,4,2,2,4,project_team_approved,confirmed,,,The existing scores are supported by the answer text and rubric.
ex_000238,test_review_candidates,project_overview,React web app,vague_but_relevant,"One project I worked on was a React web app for a course project. It was basically a small app where users could browse information and interact with a few simple features, and I helped build parts of the front end using React and JavaScript. My role was more of an assistant on the project, so I worked on some components, helped with layout and basic functionality, and fixed a few issues as we went along.

It was a good learning experience for me because I got more comfortable working with React, breaking the UI into reusable pieces, and figuring things out as part of a team. I also got a better sense of how to take a simple idea and turn it into something working in the browser. Overall, it went well and helped me build confidence with front-end development.",2,2,3,1,2,4,2,2,3,1,2,4,project_team_approved,confirmed,,,The existing scores are supported by the answer text and rubric.
ex_000243,test_review_candidates,project_overview,React web app,vague_but_relevant,"One project I worked on was a React web app for a course project. It was basically a small app where users could browse some content and interact with a few simple features, and I helped build parts of the front end using JavaScript and React. My role was more supportive, so I assisted with setting up components, making sure the pages displayed correctly, and fixing some small issues when things weren’t working as expected.

It was a good learning experience for me because I got more comfortable working with React and understanding how different parts of a web app fit together. I also learned a bit about working with other people on a shared codebase, which was helpful since I had to be careful not to break anything when making changes. Overall, it went well and helped me build confidence with front-end development.",2,2,4,2,2,4,2,2,4,2,2,4,project_team_approved,confirmed,,,The existing scores are supported by the answer text and rubric.
ex_000248,test_review_candidates,project_overview,React web app,vague_but_relevant,"One project I worked on was a React web app I built as part of a course project. It was basically a small portfolio-style application, and I used React and JavaScript to put the main pages together and make the app feel interactive. I helped with things like building components, connecting the different parts of the UI, and fixing bugs when things didn’t work the way we expected.

I wasn’t the only person working on it, so my role was more of assisting and contributing where I could, especially on the front-end side. It was a good experience because I got to practice breaking a project into smaller pieces and working through issues as they came up. By the end, we had a working app that showed the main idea pretty well, and I learned a lot about how React projects come together.",3,2,4,2,2,3,3,2,4,2,2,3,project_team_approved,confirmed,,,The existing scores are supported by the answer text and rubric.
ex_000253,test_review_candidates,project_overview,React web app,vague_but_relevant,"One project I worked on was a React web app for a course project. It was basically a small app where users could view different pieces of content and interact with the interface a bit, and I used JavaScript and React to help build it.

My role was more of an assisting role, so I helped with parts of the UI and some of the general functionality. I worked with the team to make sure the pages looked clean and the components behaved the way we wanted. I also got some experience with organizing components and fixing small issues when things didn’t work as expected.

It was a good project for me because it helped me get more comfortable with React and working on a real codebase with other people. I learned a lot about how to break a project into smaller pieces and how to troubleshoot problems as they came up. Overall, it was a good first experience building something in a team setting.",2,2,3,2,2,3,2,2,3,2,2,3,project_team_approved,confirmed,,,The existing scores are supported by the answer text and rubric.
ex_000259,test_review_candidates,project_overview,React web app,vague_but_relevant,"One project I worked on was a React web app for a course project. It was basically a small app where users could browse some content and interact with a few simple features, and I helped build parts of the front end using React and JavaScript. My role was more on the assisting side, so I worked with the rest of the team on components, fixing small bugs, and making sure things displayed correctly.

I learned a lot from that project, especially about breaking a page into reusable pieces and working through issues when something didn’t render the way we expected. It also gave me more practice with JavaScript and how React apps are put together. Overall, it was a good experience because it helped me understand the development process a bit better and made me more comfortable working on a real project with other people.",2,2,4,2,2,4,2,2,4,2,2,4,project_team_approved,confirmed,,,The existing scores are supported by the answer text and rubric.
ex_000265,test_review_candidates,project_overview,React web app,vague_but_relevant,"One project I worked on was a React web app for a course project. It was a pretty simple app overall, and I helped build some of the front-end pieces using React and JavaScript. My part was mostly assisting with components, basic page layout, and making sure things displayed properly when users interacted with the app.

I worked with the rest of the team to get the main screens working and helped fix a few issues as we went along. It was a good learning experience for me because I got more comfortable with React and how to break a project into smaller parts. By the end, we had a working app that met the project requirements, and I felt like I learned a lot from contributing to it.",2,2,4,1,2,3,2,2,4,1,2,3,project_team_approved,confirmed,,,The existing scores are supported by the answer text and rubric.
ex_000271,test_review_candidates,project_overview,React web app,vague_but_relevant,"One project I worked on was a React web app for a course project. It was basically a small app where users could view different pieces of content and interact with the interface a bit, and I helped build parts of the front end using JavaScript and React.

My role was more of an assisting role, so I didn’t design the whole thing myself, but I did help with building components, fixing bugs, and making sure things displayed correctly on the page. I also worked with the rest of the team to connect different parts of the app and make the user experience feel smoother.

It was a good learning experience for me because I got more comfortable working with React and understanding how a real project comes together. We ran into a few issues along the way, but we were able to get the app working and present it at the end.",2,2,3,1,2,3,2,2,3,1,2,3,project_team_approved,confirmed,,,The existing scores are supported by the answer text and rubric.
ex_000282,test_review_candidates,project_overview,React web app,vague_but_relevant,"Sure — one project I worked on was a React web app I built as part of a course project. It was basically a simple app where users could browse some content and interact with a few different pages, and I used JavaScript and React to put it together.

I wasn’t the only person working on it, so my role was more of helping out with parts of the front end and making sure things were working properly. I spent time building a few components, fixing bugs, and helping connect the different pieces of the app so it felt more complete. I also learned a lot just by working through issues as they came up, especially with how React handles state and reusable components.

It was a good experience for me because it gave me a better understanding of how to take an idea and turn it into something usable in the browser. The project ended up working well overall, and it helped me get more comfortable with React and front-end development in general.",2,2,4,2,2,4,2,2,4,2,2,4,project_team_approved,confirmed,,,The existing scores are supported by the answer text and rubric.
ex_000287,test_review_candidates,project_overview,React web app,vague_but_relevant,"One project I worked on was a React web app for a course project. It was basically a small front-end application where users could browse some content and interact with a few different pages and components. I used React and JavaScript, and I helped build parts of the interface and connect the pieces together.

My role was more of an assisting one, so I wasn’t leading the whole project, but I did help with things like creating components, fixing bugs, and making sure the app behaved the way we wanted. I also worked with the rest of the team to keep the UI consistent and clean.

It was a good learning experience for me because I got more comfortable working with React in a real project setting, and I had to figure out how to break things into smaller parts and troubleshoot issues as they came up. In the end, we got a working app that met the main goals of the project, and I felt like I learned a lot from it.",2,2,4,2,2,3,2,2,4,2,2,3,project_team_approved,confirmed,,,The existing scores are supported by the answer text and rubric.
ex_000294,test_review_candidates,project_overview,React web app,vague_but_relevant,"One project I worked on was a React web app for a course project. It was basically a small front-end application built with React and JavaScript, and I helped out with a few different parts of it. My role was mostly assisting with the UI and some of the basic functionality, like setting up components, passing data around, and making sure things displayed correctly on the page.

It was a good learning experience for me because I got to work with React in a more practical way instead of just doing small exercises. I also had to figure out how to break the app into reusable pieces and fix issues when things weren’t working the way we expected. I didn’t lead the whole project, but I contributed where I could and learned a lot from the process.

Overall, it helped me get more comfortable with JavaScript and React, and it gave me a better idea of how front-end projects come together.",3,2,4,2,2,3,3,2,4,2,2,3,project_team_approved,confirmed,,,The existing scores are supported by the answer text and rubric.
ex_000303,test_review_candidates,project_overview,React web app,vague_but_relevant,"One project I worked on was a React web app for a course project. It was basically a small app where users could browse some content and interact with a few simple features, and I used React and JavaScript to help build the front end. I mostly assisted with the project, so I worked on parts of the UI and helped connect some of the components together.

I got to practice breaking the interface into smaller pieces and making sure things showed up correctly when data changed. I also helped with a few bugs and small improvements when we were testing it. It was a good experience because it gave me a better understanding of how a React app comes together in a real project, even though it was still a pretty simple one.

Overall, it helped me get more comfortable working with JavaScript and React, and it was a nice introduction to building something as part of a team.",2,2,3,2,2,4,2,2,3,2,2,4,project_team_approved,confirmed,,,The existing scores are supported by the answer text and rubric.
ex_000311,test_review_candidates,project_overview,React web app,vague_but_relevant,"One project I worked on was a React web app for a course project. It was a pretty simple app overall, and I helped out with building some of the pages and making the interface work with JavaScript. I mostly assisted with the front-end side, like setting up components, handling basic user interactions, and making sure things displayed correctly.

It was a good learning experience for me because I got more comfortable working with React and understanding how pieces of a web app fit together. I also had to work with other people on the project, so I got some practice communicating and making small changes based on feedback. In the end, we got the app working well enough for the project, and I felt like I learned a lot from it.",2,2,3,1,2,3,2,2,3,1,2,3,project_team_approved,confirmed,,,The existing scores are supported by the answer text and rubric.
ex_000318,test_review_candidates,project_overview,React web app,vague_but_relevant,"Sure — one project I worked on was a React web app for a course project. It was basically a small app where users could browse some content and interact with a few different pages, and I used JavaScript and React to build most of the front end.

My role was more of an assisting role, so I helped with things like building components, updating the layout, and fixing bugs when something wasn’t working right. I also helped connect parts of the UI together and made sure the pages behaved the way we wanted. I didn’t lead the whole project, but I got a good amount of hands-on experience working with the team and figuring things out as we went.

It was a good learning experience for me because I got more comfortable with React and learned how to break a project into smaller pieces. In the end, we had a working app that met the main goals of the assignment, and it helped me understand how front-end development works in a real project setting.",2,2,4,2,2,4,2,2,4,2,2,4,project_team_approved,confirmed,,,The existing scores are supported by the answer text and rubric.
ex_000324,test_review_candidates,project_overview,React web app,vague_but_relevant,"One project I worked on was a React web app for a course project. It was basically a small app where users could browse some content, click through different pages, and interact with a few simple features. I worked mostly with React and JavaScript, and I helped build some of the components and connect parts of the UI together.

I wasn’t the main person driving the whole project, but I assisted with a few different pieces, like setting up some screens, making the layout work, and fixing bugs when things didn’t display correctly. I also got some experience working with props and state, which helped me understand how data moves around in a React app.

It was a good project for me because it gave me a chance to work on something real instead of just small exercises. I learned a lot about how to break a feature into smaller parts and how to troubleshoot when something wasn’t working as expected. Overall, it went well and helped me get more comfortable with front-end development.",3,2,4,2,2,3,3,2,4,2,2,3,project_team_approved,confirmed,,,The existing scores are supported by the answer text and rubric.
ex_000333,test_review_candidates,project_overview,React web app,vague_but_relevant,"One project I worked on was a React web app for a course project. It was basically a small front-end app where users could view different pages, interact with some simple features, and navigate around the site. I used React and JavaScript for most of it, and I helped with building a few components and making sure the pages worked together.

My role was more of an assistant role, so I wasn’t leading the whole project, but I did help with setting up parts of the UI and fixing some issues when things weren’t displaying correctly. I also worked with the team to make small updates based on feedback, like adjusting layouts and improving how certain buttons or sections behaved.

It was a good learning experience for me because I got more comfortable working with React and understanding how a front-end project comes together. Overall, the project turned out well enough for the class, and it helped me build confidence working on a real codebase with other people.",2,2,3,2,2,4,2,2,3,2,2,4,project_team_approved,confirmed,,,The existing scores are supported by the answer text and rubric.
ex_000341,test_review_candidates,project_overview,React web app,vague_but_relevant,"One project I worked on was a React web app for a course project. It was basically a small frontend app built with React and JavaScript, and I helped out with a few different parts of it. My role was mostly assisting with building components, making sure the pages displayed the right information, and fixing some small issues when things weren’t working as expected.

I got to work a bit on the structure of the app and also on making the interface feel more complete. Since it was a team project, I wasn’t doing everything on my own, but I did contribute to the overall build and learned a lot from seeing how the pieces fit together. It also helped me get more comfortable with React and with working through bugs step by step.

Overall, it was a good experience because it gave me a better understanding of how a frontend project comes together, and I feel like I came away with more confidence using JavaScript and React.",2,2,4,2,2,4,2,2,4,2,2,4,project_team_approved,confirmed,,,The existing scores are supported by the answer text and rubric.
ex_000351,test_review_candidates,project_overview,React web app,vague_but_relevant,"Sure — one project I worked on was a React web app I built as part of a course project. It was basically a simple app where users could browse some content, click into different sections, and interact with a few basic features. I used React and JavaScript for it, and I helped with things like setting up components, making the pages work together, and fixing bugs when things weren’t behaving right.

I was mostly assisting on the project rather than leading everything, so I got to learn a lot by working through problems with the rest of the team and looking up how to do things as we went. It was a good experience because it helped me get more comfortable with React and understand how a front-end project comes together.

Overall, it was a pretty good project for me because it gave me hands-on practice and helped me build confidence working on a real web app, even though it was still a course project.",2,2,4,2,2,3,2,2,4,2,2,3,project_team_approved,confirmed,,,The existing scores are supported by the answer text and rubric.
ex_000358,test_review_candidates,project_overview,React web app,vague_but_relevant,"Sure — one project I worked on was a React web app I built as part of a course project. It was basically a simple front-end app where users could view different pieces of content and interact with the interface in a few ways. I used React and JavaScript for it, and I helped with building some of the components and making sure the pages worked together properly.

My role was more on the assisting side, so I wasn’t doing everything on my own, but I did get hands-on experience with how a React project is put together. I worked on things like setting up components, passing data around, and fixing some small bugs when things didn’t behave the way we expected. It also helped me get more comfortable with using JavaScript in a real project instead of just small exercises.

Overall, it was a good learning experience for me because I got to see how a front-end project comes together from start to finish, and it gave me more confidence working with React.",2,2,3,2,2,3,2,2,3,2,2,3,project_team_approved,confirmed,,,The existing scores are supported by the answer text and rubric.
ex_000365,test_review_candidates,project_overview,React web app,vague_but_relevant,"One project I worked on was a React web app for a course project. It was basically a small frontend app where users could view different pieces of content and interact with the page in a simple way. I used React and JavaScript, and I helped mainly with building some of the components and making sure the pages worked together.

I wasn’t the only person working on it, so I mostly assisted with parts of the UI and fixing issues as they came up. I also got more comfortable with things like passing data between components and making the app feel a little more polished. It was a good learning experience for me because I got to see how a project comes together from start to finish, even if it was a pretty small one.

Overall, it helped me get more confident with React and gave me a better idea of how to work on a team and keep improving as I go.",2,2,3,1,2,4,2,2,3,1,2,4,project_team_approved,confirmed,,,The existing scores are supported by the answer text and rubric.
ex_000371,test_review_candidates,project_overview,React web app,vague_but_relevant,"One project I worked on was a React web app I built as part of a course project. It was basically a small portfolio-style app where users could browse different sections and interact with a few simple features. I used React and JavaScript for it, and I helped mainly with building some of the components and making sure the pages worked together properly.

I wasn’t the only person working on it, so I mostly assisted with the front-end side and helped fix a few issues when things weren’t displaying the way we wanted. It was a good experience because I got to practice breaking things into smaller pieces and using React in a more real way instead of just doing exercises.

Overall, it helped me get more comfortable with JavaScript and working on a project from start to finish, even though it was still a pretty simple app.",2,2,3,2,2,3,2,2,3,2,2,3,project_team_approved,confirmed,,,The existing scores are supported by the answer text and rubric.
ex_000378,test_review_candidates,project_overview,React web app,vague_but_relevant,"One project I worked on was a React web app for a course project. It was basically a small app where users could browse some content and interact with a few simple features, and I helped mainly with the front-end side using React and JavaScript.

My role was more of an assistant on the project, so I worked on parts of the UI and helped connect some of the pieces together. I also spent time fixing small bugs and making sure the pages behaved the way we wanted. It was a good experience for me because I got to practice working with components, props, and state in a real project instead of just doing small exercises.

I learned a lot from it, especially how to break a feature into smaller parts and how to debug when something wasn’t working right. Overall, it was a good first project for me and it helped me feel more comfortable building web apps with React.",2,2,4,2,2,3,2,2,4,2,2,3,project_team_approved,confirmed,,,The existing scores are supported by the answer text and rubric.
ex_000386,test_review_candidates,project_overview,React web app,vague_but_relevant,"One project I worked on was a React web app I built as part of a course project. It was basically a simple app for browsing and managing some content, and I used JavaScript and React for the main parts of it. I mainly assisted with building the UI, setting up components, and helping connect the different pages together.

I learned a lot from that project because it was one of the first times I worked on something that felt like a real application instead of just small exercises. I also got more comfortable with breaking things into reusable components and fixing issues as they came up. It wasn’t a huge project, but it helped me understand the workflow better and gave me more confidence working with React.",2,3,3,2,2,3,2,3,3,2,2,3,project_team_approved,confirmed,,,The existing scores are supported by the answer text and rubric.
ex_000396,test_review_candidates,project_overview,React web app,vague_but_relevant,"Sure — one project I worked on was a React web app I built as part of a course project. It was a pretty simple app, but it helped me get more comfortable with JavaScript and React components. I mostly assisted with building parts of the interface and connecting the different pieces together, so I got to see how the app came together from start to finish.

I worked on things like creating reusable components, handling basic user interactions, and making sure the page updated properly when someone clicked around. It was a good learning experience because I had to figure out how to break the app into smaller parts and keep everything organized. I also ran into a few bugs along the way, which helped me practice debugging and reading through code more carefully.

Overall, it was a good project for me because it gave me hands-on experience with React and helped me understand how a front-end project is built in a real-world style, even though it was for a course.",3,3,4,2,2,4,3,3,4,2,2,4,project_team_approved,confirmed,,,The existing scores are supported by the answer text and rubric.
ex_000402,test_review_candidates,project_overview,React web app,vague_but_relevant,"One project I worked on was a React web app for a course project. It was basically a small app where users could view different pages and interact with some simple features, and I used JavaScript and React for most of it. I helped with building a few of the components and connecting the pieces together so the app would work smoothly.

I wasn’t the main person driving everything, but I assisted with things like setting up parts of the UI, handling some basic state, and fixing bugs when things didn’t behave the way we expected. It was a good experience because I got to see how a React project comes together and how important it is to keep the code organized even in a smaller project.

Overall, it helped me get more comfortable with React and working on a team, and I learned a lot from just trying things out and debugging along the way.",2,2,3,2,2,4,2,2,3,2,2,4,project_team_approved,confirmed,,,The existing scores are supported by the answer text and rubric.
ex_000408,test_review_candidates,project_overview,React web app,vague_but_relevant,"One project I worked on was a React web app for a course project. It was basically a small front-end app where users could view different pieces of content and interact with the page in a simple way. I used React and JavaScript for it, and I helped with building some of the components and making sure the pages updated correctly when users clicked around.

I wasn’t the main person driving the whole project, but I assisted with a few parts of the UI and helped fix some issues when things weren’t working as expected. It was a good experience for me because I got more comfortable with React, props, state, and just thinking through how to break a page into smaller pieces.

Overall, it helped me understand how a front-end project comes together and gave me more confidence working with JavaScript in a team setting.",2,2,3,1,2,3,2,2,3,1,2,3,project_team_approved,confirmed,,,The existing scores are supported by the answer text and rubric.
ex_000416,test_review_candidates,project_overview,React web app,vague_but_relevant,"One project I worked on was a React web app for a course project. It was basically a small front-end app built with React and JavaScript, and I helped out on a few parts of it rather than owning the whole thing. I worked on some of the UI pieces and helped connect a few screens together so the app felt more complete.

I learned a lot from that project, especially about how components fit together and how to keep things organized as the app grows. I also got more comfortable debugging small issues and making changes without breaking other parts of the app. It was a good experience for me because it gave me a better sense of how front-end development works in a real project, even though it was still a course project. Overall, it went well and helped me build confidence with React.",2,2,4,2,2,4,2,2,4,2,2,4,project_team_approved,confirmed,,,The existing scores are supported by the answer text and rubric.
official_weak_patch_role_relevance_000007,ood_test_review_candidates,school_assignment,simple school assignment,generic_school_assignment_no_coding,"One school assignment I worked on was a group presentation for a general course. The topic was something our class could relate to, and our group had to put together a short overview and present it to the class.

My part was mostly helping with the overall organization of the ideas and making sure our presentation flowed in a simple, clear way. I also helped the group stay focused on what we wanted to explain, so we didn’t make it too complicated. Most of the work was done together, and I learned a lot by listening to other people’s ideas and combining them into one presentation.

What I took away from it was that good teamwork really matters, even for a small school assignment. I also learned that keeping things clear and simple can make a big difference when you’re trying to explain something to others.",1,2,4,2,2,1,1,2,4,2,2,1,project_team_approved,confirmed,,,The existing scores are supported by the answer text and rubric.
official_weak_patch_role_relevance_000014,ood_test_review_candidates,school_assignment,simple school assignment,generic_school_assignment_no_coding,"One school assignment I worked on was a group presentation for a general coursework class about a topic we had studied in class. My part was mostly helping the group stay organized, sharing ideas during our discussions, and putting together a few points for the presentation. I also helped make sure our explanation was clear and easy to follow.

What I learned from it was how important it is to communicate well and listen to other people’s ideas. At first, we all had slightly different ways of approaching the assignment, but once we talked it through, it became much easier to agree on a direction. It also showed me that even a simple school assignment goes better when everyone contributes and stays open to feedback.

Overall, it was a good experience because it helped me feel more comfortable working with others and presenting information in a clear way.",1,2,4,2,2,2,1,2,4,2,2,2,project_team_approved,confirmed,,,The existing scores are supported by the answer text and rubric.
official_weak_patch_role_relevance_000021,ood_test_review_candidates,school_assignment,simple school assignment,generic_school_assignment_no_coding,"One school assignment I worked on was a group presentation in a general course where we had to explain a topic to the class in a clear and organized way. My part was mostly helping with the overall planning and making sure our ideas made sense together, rather than doing anything very visible on my own.

What I remember most is that we had to agree on what was most important to include and how to divide the work fairly. I listened to other people’s ideas, helped connect them, and made sure our presentation stayed simple and easy to follow. It was a good experience because I saw how much smoother things go when everyone communicates well and stays open to feedback.

In the end, the assignment went well, and I learned that even a basic school project can teach you a lot about teamwork, organization, and being responsible for your part.",1,2,4,2,2,2,1,2,4,2,2,2,project_team_approved,confirmed,,,The existing scores are supported by the answer text and rubric.
official_weak_patch_role_relevance_000028,ood_test_review_candidates,school_assignment,simple school assignment,generic_school_assignment_no_coding,"One school assignment I worked on was a group presentation for a general course where we had to explain a topic to the class and keep it clear and organized. My part was mostly helping the team think through the structure of the presentation and making sure our points flowed well together.

I didn’t do anything especially technical, but I did help by reviewing the material, suggesting what should come first, and making sure we weren’t repeating ourselves. I also practiced the presentation with the group so we could sound more confident and stay on track.

What I learned from it was how important teamwork and communication are, even for a simple assignment. It showed me that when everyone contributes a little and stays organized, the final result is much better. It also helped me feel more comfortable speaking in front of others.",1,2,4,2,2,2,1,2,4,2,2,2,project_team_approved,confirmed,,,The existing scores are supported by the answer text and rubric.
official_weak_patch_role_relevance_000035,ood_test_review_candidates,school_assignment,simple school assignment,generic_school_assignment_no_coding,"One school assignment I worked on was a group presentation in a general course where we had to explain a topic to the class in a simple, organized way. My role was mostly to help with the overall structure and to make sure our ideas were easy to follow. I also helped the group stay focused on what we wanted to say and how we wanted to present it.

What I learned from it was how important it is to communicate clearly and listen to other people’s ideas. At first, we each had different thoughts about how to approach it, but once we talked it through, we were able to combine our ideas into something better. It also showed me that even a simple assignment can go more smoothly when everyone contributes in their own way.",1,2,4,2,2,2,1,2,4,2,2,2,project_team_approved,confirmed,,,The existing scores are supported by the answer text and rubric.
official_weak_patch_role_relevance_000005,ood_test_review_candidates,volunteer_activity,volunteer event organization,irrelevant_volunteer_project,"One organized activity I helped with was a volunteer event at my school. A group of us worked together to support the planning and setup, and I mainly assisted with smaller tasks like helping coordinate with others, preparing materials, and making sure things were ready on the day of the event.

What stood out to me was how much collaboration mattered. Everyone had different responsibilities, so it was important to communicate clearly and stay flexible when plans changed a little. I tried to be reliable and support the people leading the activity wherever I could.

It was a good experience because I got to see how a group can come together to make an event run more smoothly. Even though my role was small, I felt like I contributed in a helpful way and learned a lot about teamwork and organization.",1,2,4,2,2,2,1,2,4,2,2,2,project_team_approved,confirmed,,,The existing scores are supported by the answer text and rubric.
official_weak_patch_role_relevance_000012,ood_test_review_candidates,volunteer_activity,volunteer event organization,irrelevant_volunteer_project,"One organized activity I helped with was a volunteer event at my school. The main goal was to bring people together to support a local community cause, and I assisted the group that was organizing it.

My role was mostly to help with coordination and preparation. I worked with a few other students to make sure people knew where they needed to be and what they were supposed to do. I also helped with simple setup and made sure things were running smoothly on the day of the event.

What I learned most from it was how important collaboration is. Everyone had different responsibilities, but the event only worked because we communicated well and supported each other. It was a good experience for me because I got to contribute, stay organized, and see how a group effort can make a difference.",1,2,4,2,2,2,1,2,4,2,2,2,project_team_approved,confirmed,,,The existing scores are supported by the answer text and rubric.
official_weak_patch_role_relevance_000019,ood_test_review_candidates,volunteer_activity,volunteer event organization,irrelevant_volunteer_project,"One organized activity I helped with was a volunteer event at school. A group of us worked together to support the planning and setup, and I mainly assisted with the coordination and preparation. I helped where I was needed, checked in with other volunteers, and made sure small tasks were taken care of so the event could run smoothly.

What stood out to me most was how important collaboration was. Everyone had a different role, and the event went better because people communicated clearly and were willing to help each other. I learned that even when you are not leading, being dependable and supportive can make a real difference.

Overall, it was a positive experience for me because it showed me how much can be accomplished when a team works together for a shared goal.",1,2,4,2,2,2,1,2,4,2,2,2,project_team_approved,confirmed,,,The existing scores are supported by the answer text and rubric.
official_weak_patch_role_relevance_000026,ood_test_review_candidates,volunteer_activity,volunteer event organization,irrelevant_volunteer_project,"One organized activity I helped with was a volunteer event at my school. A group of us worked together to support the planning and setup, and I mainly assisted with the coordination and preparation. My role was to help where needed, stay in touch with others involved, and make sure things were ready on the day of the event.

What stood out to me was how much collaboration mattered. Everyone had different responsibilities, so it was important to communicate clearly and be flexible. I tried to be reliable and supportive, especially when small issues came up and people needed an extra hand.

Overall, it was a good experience because I got to see how a group can come together to make an event run smoothly. It also helped me understand the value of teamwork and being willing to help in whatever way is needed.",1,2,4,1,2,2,1,2,4,1,2,2,project_team_approved,confirmed,,,The existing scores are supported by the answer text and rubric.
official_weak_patch_role_relevance_000033,ood_test_review_candidates,volunteer_activity,volunteer event organization,irrelevant_volunteer_project,"One organized activity I helped with was a volunteer event at my school. A group of us worked together to support the planning and day-of coordination, and I mainly assisted with the setup and making sure things were running smoothly.

What stood out to me was how much collaboration mattered. Everyone had a different role, so we had to communicate clearly and stay flexible when small changes came up. I helped where I was needed, checked in with others, and tried to stay positive and reliable.

It was a good experience because I got to see how a group can come together for something meaningful. Even though my role was fairly small, I felt like I contributed to the overall effort, and the event went well.",1,2,4,2,2,2,1,2,4,2,2,2,project_team_approved,confirmed,,,The existing scores are supported by the answer text and rubric.
official_weak_patch_role_relevance_000002,ood_test_review_candidates,presentation_activity,presentation project,presentation_only_project,"Sure — one class project I helped with was a group presentation for a course. The topic was something we had to research and explain to the class, so I mainly assisted with gathering information, organizing the main points, and helping the group make the presentation easy to follow.

My role was more supportive than leading. I helped compare notes from different group members, suggested a simple structure for the slides, and practiced parts of the presentation with the team so we could sound more confident. I also helped make sure everyone had a chance to speak.

What I learned from it was how important it is to keep things clear and work well with others. Even though it was a fairly simple project, it showed me how much smoother a presentation goes when everyone contributes and stays organized. Overall, it was a good experience, and I felt like I was able to help the group put together something solid.",1,2,4,2,2,2,1,2,4,2,2,2,project_team_approved,confirmed,,,The existing scores are supported by the answer text and rubric.
official_weak_patch_role_relevance_000009,ood_test_review_candidates,presentation_activity,presentation project,presentation_only_project,"In one of my classes, I helped with a group presentation about a topic we had been studying. My role was mostly to support the team by helping organize the flow of the presentation and making sure our main points were clear and easy to follow.

I worked with a few classmates to divide up the content and decide how we wanted to explain it to the class. I also helped review the slides and gave feedback on whether the information made sense from a listener’s point of view. During practice, I listened for places where we could improve the transitions and make the presentation feel smoother.

What I liked most was seeing how everyone contributed in a different way. It taught me that a good presentation is not just about the information itself, but also about how well the group communicates and supports each other. Overall, it was a positive experience and helped me feel more comfortable speaking and working with others in a team setting.",1,2,4,2,2,2,1,2,4,2,2,2,project_team_approved,confirmed,,,The existing scores are supported by the answer text and rubric.
official_weak_patch_role_relevance_000016,ood_test_review_candidates,presentation_activity,presentation project,presentation_only_project,"One class project I worked on was a group presentation about a topic we had been studying in class. My role was mostly to assist the team by helping organize our ideas, reviewing the flow of the presentation, and practicing parts of it with the group.

What I found most helpful was making sure our points were clear and easy to follow. I also helped with gathering a few examples and making sure everyone had a chance to speak. Since it was a group effort, I tried to be supportive and keep things moving smoothly.

Overall, it was a good experience because I got to work with other people, stay organized, and present information in a way that made sense to the class.",1,2,4,2,2,2,1,2,4,2,2,2,project_team_approved,confirmed,,,The existing scores are supported by the answer text and rubric.
official_weak_patch_role_relevance_000023,ood_test_review_candidates,presentation_activity,presentation project,presentation_only_project,"In one of my classes, I helped with a group presentation on a topic we were studying. My role was mostly to assist the team by helping organize the main points, reviewing the flow of the presentation, and making sure our message was easy to follow.

I also helped practice the presentation with the group, so we could feel more comfortable speaking in front of the class. I tried to be supportive and make sure everyone had a part that matched their strengths.

Overall, it was a good experience because I got to work with others, stay organized, and contribute to something we presented together. It helped me feel more confident speaking in a group setting and working as part of a team.",1,2,4,1,2,2,1,2,4,1,2,2,project_team_approved,confirmed,,,The existing scores are supported by the answer text and rubric.
official_weak_patch_role_relevance_000030,ood_test_review_candidates,presentation_activity,presentation project,presentation_only_project,"In one of my classes, I helped with a group presentation about a topic we had been studying. My role was mostly to assist the team by helping organize the main points, reviewing the flow of the presentation, and making sure our ideas were easy to follow.

I also helped practice the presentation with my group so we could sound more confident and stay on track. What I learned from it was how important it is to communicate clearly and work together, especially when everyone has different ideas. Overall, it was a good experience, and I think it helped our group present the material in a more organized way.",1,2,4,2,2,2,1,2,4,2,2,2,project_team_approved,confirmed,,,The existing scores are supported by the answer text and rubric.
official_weak_patch_role_relevance_000037,ood_test_review_candidates,presentation_activity,presentation project,presentation_only_project,"In one of my classes, I helped with a group presentation about a topic we had been studying. My role was mostly to assist the team by helping organize the main points, reviewing the flow of the presentation, and giving feedback on how clear it sounded when we practiced.

What I liked about the project was that it showed me how important it is to communicate ideas simply and work well with other people. I also learned that even small contributions can help a group feel more prepared and confident. Overall, it was a good experience, and the presentation went smoothly.",1,2,4,1,2,2,1,2,4,1,2,2,project_team_approved,confirmed,,,The existing scores are supported by the answer text and rubric.
official_weak_patch_personal_contribution_000039,ood_test_review_candidates,team_activity,non-software team activity,observer_no_personal_task,"One team course project that stands out was a group assignment where the main focus was collaboration and getting everyone aligned on the same goal. I attended the meetings and listened to how the team discussed ideas, divided the work, and solved disagreements when they came up.

What stood out to me was how important communication was. Different people had different ways of thinking, so the team had to slow down sometimes and make sure everyone understood the plan before moving forward. I mostly watched how decisions were made and tried to understand how the group stayed coordinated.

By the end, the project came together in a way that seemed to work well for the group. It gave me a better sense of how teams can stay organized and move forward even when people approach things differently.",1,1,3,2,1,2,1,1,3,2,1,2,project_team_approved,confirmed,,,The existing scores are supported by the answer text and rubric.
official_weak_patch_personal_contribution_000041,ood_test_review_candidates,team_activity,non-software team activity,observer_no_personal_task,"One team course project that stands out for me was a group assignment where the main focus was collaboration and putting together a shared presentation. I attended the meetings, listened to how the team discussed ideas, and tried to understand how everyone approached the work.

What stood out to me most was how the group divided the project naturally and kept checking in with each other. There were different opinions at times, but the team talked through them and came to a common direction. I mostly observed how they communicated, how decisions were made, and how important it was that everyone stayed on the same page.

By the end, the project came together in a way that seemed to work well for the group, and it gave me a better understanding of how team communication can affect the outcome.",1,1,3,2,2,2,1,1,3,2,2,2,project_team_approved,confirmed,,,The existing scores are supported by the answer text and rubric.
official_weak_patch_personal_contribution_000043,ood_test_review_candidates,team_activity,non-software team activity,observer_no_personal_task,"One team course project that comes to mind was a group assignment where the class had to work together on a shared presentation. The main thing I remember was seeing how the team discussed ideas, divided the work, and tried to stay on the same page.

I mostly attended the meetings and listened to how everyone approached the task. It was interesting to watch how different people had different opinions at first, but they were able to talk through them and agree on a direction. That showed me how important communication is in a team setting.

Even though I was mostly observing, it gave me a better understanding of how group projects work and how collaboration can make the final result stronger.",1,1,4,1,2,2,1,1,4,1,2,2,project_team_approved,confirmed,,,The existing scores are supported by the answer text and rubric.
official_weak_patch_personal_contribution_000045,ood_test_review_candidates,team_activity,non-software team activity,observer_no_personal_task,"In one of my school team projects, the main focus was on collaboration and learning how a group works together toward a shared goal. It was a course project where the team had to plan the work, discuss ideas, and agree on how to move forward.

Mostly, I attended the meetings and listened to how the others approached the project. It was interesting to see how they divided the work, talked through different opinions, and adjusted when something was not clear. I tried to understand how the group stayed organized and how decisions were made.

What stood out to me was how important communication was. Even when people had different ideas, the team kept the discussion respectful and tried to find a common direction. By the end, the project came together in a way that showed how teamwork can make a big difference.",1,1,4,1,2,2,1,1,4,1,2,2,project_team_approved,confirmed,,,The existing scores are supported by the answer text and rubric.
official_weak_patch_personal_contribution_000047,ood_test_review_candidates,team_activity,non-software team activity,observer_no_personal_task,"One team course project that stands out was a group assignment where the main focus was collaboration and getting everyone aligned on the same goal. I attended the group meetings and listened to how the team discussed ideas, divided the work, and solved disagreements when people had different opinions.

What stood out to me was how important communication was. The team spent time making sure everyone understood the plan before moving forward, and it was clear that progress went better when people were open and respectful with each other. I mostly watched how the group adjusted when something was unclear or when the direction needed to change.

From that experience, I got a better sense of how teams work together in a real setting. Even though I was not the one leading anything, it was useful to observe how collaboration, patience, and clear communication helped the group move toward a good result.",1,1,4,2,2,2,1,1,4,2,2,2,project_team_approved,confirmed,,,The existing scores are supported by the answer text and rubric.
official_weak_patch_personal_contribution_000049,ood_test_review_candidates,team_activity,non-software team activity,observer_no_personal_task,"In one of my school group projects, the main focus was on collaboration and learning how a team works together. The group had to complete a course project, and I attended the discussions and listened to how the team planned the work and shared ideas.

What stood out to me was how different people approached the same problem in different ways. Some were more focused on structure, while others were more creative, and the team had to find a way to combine those ideas. I mostly watched the process and tried to understand how decisions were made and how the group stayed aligned.

It was a good experience because it showed me how important communication and patience are in a team setting. Even though I was not leading anything, I learned a lot just by being present and observing how the group worked together.",1,1,3,1,1,2,1,1,3,1,1,2,project_team_approved,confirmed,,,The existing scores are supported by the answer text and rubric.
official_weak_patch_personal_contribution_000051,ood_test_review_candidates,team_activity,non-software team activity,observer_no_personal_task,"One team course project that stands out was a group assignment where the main focus was collaboration and working through ideas together. I attended the group meetings and listened to how the team discussed the plan, divided the work, and handled different opinions. It was interesting to see how they communicated and adjusted when something was not clear.

From that experience, it was easy to understand how important it is for a team to stay organized and keep talking through problems early. Even though I was mostly observing, it gave me a better sense of how group projects move forward when everyone is trying to stay aligned. In the end, the project was completed, and it showed me how much teamwork matters in a shared task.",1,1,3,2,2,2,1,1,3,2,2,2,project_team_approved,confirmed,,,The existing scores are supported by the answer text and rubric.
official_weak_patch_personal_contribution_000053,ood_test_review_candidates,team_activity,non-software team activity,observer_no_personal_task,"In one of my school group projects, the main focus was on working together and understanding how the team approached the assignment. I attended the group meetings and listened to how everyone discussed ideas, divided the work, and solved problems as a team. It was interesting to see how different people had different ways of thinking, and how the group tried to reach agreement when there were different opinions.

From that experience, it became clear how important communication and patience are in a team setting. Even though I was mostly observing, it gave me a better understanding of how collaboration works in practice and how a group can move forward when everyone stays engaged. In the end, the project was completed, and it was a good learning experience for seeing how teamwork comes together.",1,1,3,1,2,2,1,1,3,1,2,2,project_team_approved,confirmed,,,The existing scores are supported by the answer text and rubric.
official_weak_patch_personal_contribution_000055,ood_test_review_candidates,team_activity,non-software team activity,observer_no_personal_task,"One team course project that stands out was a group assignment where the main focus was collaboration and figuring out how to work together as a team. Most of the work was done by the group, and I mainly attended the meetings, listened to how the others approached the project, and tried to understand how the team was dividing things up.

What stood out to me was how important communication was. The team had to talk through different ideas, listen to each other, and agree on a direction before moving forward. Even just watching that process was useful, because it showed how people can solve problems more smoothly when they stay open and respectful with each other.

By the end, the project came together well enough, and it gave me a better understanding of how group work depends on clear communication and teamwork.",1,1,3,1,2,2,1,1,3,1,2,2,project_team_approved,confirmed,,,The existing scores are supported by the answer text and rubric.
official_weak_patch_personal_contribution_000057,ood_test_review_candidates,team_activity,non-software team activity,observer_no_personal_task,"One team course project that stands out was a group assignment where the main focus was collaboration and getting everyone aligned on the same goal. I attended the meetings and listened to how the team discussed ideas, divided the work, and solved disagreements when people had different opinions.

What stood out to me most was how important communication was. The team spent a lot of time making sure everyone understood the plan and the deadlines, and it was interesting to see how they adjusted when something was not clear. I mostly observed how the group stayed organized and kept moving forward together.

By the end, the project came together well enough, and it gave me a better understanding of how teams work when everyone has to coordinate and communicate clearly.",1,1,3,2,2,2,1,1,3,2,2,2,project_team_approved,confirmed,,,The existing scores are supported by the answer text and rubric.
official_weak_patch_personal_contribution_000061,ood_test_review_candidates,team_activity,non-software team activity,observer_no_personal_task,"One team course project that comes to mind was a group assignment where the main focus was collaboration and presenting an idea together. I attended the group meetings and listened to how the team discussed different approaches, divided the work, and solved small disagreements along the way.

What stood out to me was how important communication was. Even when people had different opinions, the team kept the discussion respectful and tried to understand each other before moving forward. I mostly observed how the group stayed organized and adjusted when something was unclear or needed to be changed.

From that experience, I got a better sense of how teams work together toward a shared goal. It was a good reminder that progress often depends on clear communication, patience, and being open to other viewpoints.",1,1,4,2,2,2,1,1,4,2,2,2,project_team_approved,confirmed,,,The existing scores are supported by the answer text and rubric.
official_weak_patch_personal_contribution_000063,ood_test_review_candidates,team_activity,non-software team activity,observer_no_personal_task,"One team course project that stands out for me was a group assignment where everyone had to work together on a shared presentation and discussion. Most of the time, the team was meeting, talking through ideas, and deciding how to divide the work. I mainly attended the meetings, listened to how the group was approaching the project, and tried to understand how the different parts fit together.

What stood out to me most was how important communication was. When people explained their ideas clearly and listened to each other, the group seemed to move forward more smoothly. I also noticed that when there were different opinions, the team usually did better after taking a moment to talk things through instead of rushing.

By the end, the project came together in a way that seemed to work well for the group. It was a good experience for seeing how collaboration happens in a team setting, and it gave me a better appreciation for how people coordinate toward a shared goal.",1,1,3,1,2,2,1,1,3,1,2,2,project_team_approved,confirmed,,,The existing scores are supported by the answer text and rubric.
official_weak_patch_personal_contribution_000065,ood_test_review_candidates,team_activity,non-software team activity,observer_no_personal_task,"In one of my course projects, the team had to work together on a group assignment, and I mainly attended the meetings and listened to how everyone approached the work. It was interesting to see how the team discussed ideas, divided the project into parts, and adjusted when there were different opinions.

What stood out to me most was how important communication was. Even when people had different ways of thinking, the group was able to talk through things and reach a common direction. I tried to understand how the team stayed coordinated and how decisions were made along the way.

Overall, it was a good experience because it showed me how collaboration works in a real team setting, and it gave me a better sense of how people can work together toward the same goal.",1,1,3,1,2,2,1,1,3,1,2,2,project_team_approved,confirmed,,,The existing scores are supported by the answer text and rubric.
official_weak_patch_personal_contribution_000067,ood_test_review_candidates,team_activity,non-software team activity,observer_no_personal_task,"One team course project that stands out to me was a group assignment where the main focus was working together and agreeing on a shared direction. I attended the meetings and listened to how the team discussed ideas, divided the work, and handled different opinions. It was interesting to watch how they communicated and adjusted when something was not clear.

From that experience, it became clear to me how important collaboration is in a team setting. Even when people have different approaches, the group was able to keep moving by talking things through and staying organized. The project seemed to go well overall, and it gave me a better understanding of how teams work together toward a common goal.",1,1,3,2,2,2,1,1,3,2,2,2,project_team_approved,confirmed,,,The existing scores are supported by the answer text and rubric.
official_weak_patch_personal_contribution_000069,ood_test_review_candidates,team_activity,non-software team activity,observer_no_personal_task,"In one of my team course projects, the main focus was on collaboration and how a group works together toward a shared goal. I attended the meetings and listened to how the team discussed ideas, divided the work, and solved small disagreements along the way. It was interesting to watch how different viewpoints were brought together and how the group adjusted when something was not clear.

From that experience, I got a better sense of how important communication and patience are in a team setting. Even though I was mostly observing, it was still useful to see how the team stayed organized and kept moving forward. The project ended up going reasonably well, and it gave me a better understanding of what good teamwork looks like.",1,1,3,1,2,2,1,1,3,1,2,2,project_team_approved,confirmed,,,The existing scores are supported by the answer text and rubric.
official_weak_patch_personal_contribution_000073,ood_test_review_candidates,team_activity,non-software team activity,observer_no_personal_task,"One team course project that stands out was a group assignment where the main focus was collaboration and working through different ideas together. I attended the meetings and listened to how the team discussed the project, divided the work, and solved small disagreements along the way.

What stood out to me was how important communication was. Even when people had different opinions, the team kept the discussion respectful and tried to understand each other before moving forward. I mostly observed how they planned things out and adjusted when something was unclear or when the group needed to rethink an approach.

By the end, the project came together well enough, and it gave me a better understanding of how teams can stay organized and work toward a common goal.",1,1,3,2,2,2,1,1,3,2,2,2,project_team_approved,confirmed,,,The existing scores are supported by the answer text and rubric.
official_weak_patch_personal_contribution_000075,ood_test_review_candidates,team_activity,non-software team activity,observer_no_personal_task,"In one of my school team course projects, the main focus was collaboration and how a group works together toward a shared goal. I attended the meetings and listened to how the team discussed ideas, divided the work, and handled different opinions. It was interesting to see how they tried to keep everyone aligned and how decisions were made as a group.

From that experience, it was clear that communication matters a lot, especially when several people are trying to reach the same outcome. Even just observing the process gave me a better understanding of how teams stay organized and move forward together. The project seemed to go well overall, and it was a good example of how group work can come together.",1,1,3,1,1,2,1,1,3,1,1,2,project_team_approved,confirmed,,,The existing scores are supported by the answer text and rubric.
official_weak_patch_personal_contribution_000079,ood_test_review_candidates,team_activity,non-software team activity,observer_no_personal_task,"In one of my school group projects, the main focus was on collaboration and working through ideas together. The team met a few times to talk about the project, and I mostly attended the discussions, listened to how everyone approached the work, and tried to understand how the group was making decisions.

What stood out to me was how different people had different ways of thinking about the same problem. Some were more focused on structure, while others were more focused on the overall idea. The team talked through those differences and adjusted as needed so the project could move forward.

From watching that process, I got a better sense of how important communication and patience are in a team setting. Even though I was mainly observing, it was a useful experience because it showed how a group can work through ideas together and reach a result.",1,1,3,2,2,2,1,1,3,2,2,2,project_team_approved,confirmed,,,The existing scores are supported by the answer text and rubric.
official_weak_patch_personal_contribution_000081,ood_test_review_candidates,team_activity,non-software team activity,observer_no_personal_task,"One team course project that stands out was a group assignment where the main focus was collaboration and getting everyone aligned on the same goal. Most of the work was done by the team, and I mainly attended the meetings, listened to how they approached the project, and tried to understand how decisions were being made.

What stood out to me was how the group discussed different ideas, listened to each other, and adjusted when someone had a different perspective. It showed me how important communication is in a team setting, especially when people have different ways of thinking. Even just observing that process was useful, because it gave me a better sense of how a team can stay organized and move forward together.

In the end, the project was completed, and it gave me a clearer understanding of how collaboration works in a group environment.",1,1,3,1,2,2,1,1,3,1,2,2,project_team_approved,confirmed,,,The existing scores are supported by the answer text and rubric.
official_weak_patch_personal_contribution_000083,ood_test_review_candidates,team_activity,non-software team activity,observer_no_personal_task,"In one of my school team course projects, the main focus was on collaboration and working through ideas together. The team met several times to talk about the project, divide the work, and compare different approaches. I mostly attended the meetings, listened to how the group discussed the plan, and tried to understand how they made decisions as a team.

What stood out to me was how important communication was. When there were different opinions, the team talked through them and adjusted the plan so everyone was aligned. It was a good example of how a group can stay organized by listening to each other and being open to feedback.

By the end, the project came together in a reasonable way, and it was a useful experience for seeing how teamwork works in practice.",1,1,3,1,2,2,1,1,3,1,2,2,project_team_approved,confirmed,,,The existing scores are supported by the answer text and rubric.
official_weak_patch_personal_contribution_000085,ood_test_review_candidates,team_activity,non-software team activity,observer_no_personal_task,"One team course project that stands out was a group assignment where the main focus was collaboration and getting everyone on the same page. I attended the group meetings and listened to how the team discussed ideas, divided the work, and solved disagreements when people had different opinions.

What stood out to me was how important communication was. The team spent time explaining their thinking to each other, and it was clear that progress depended on everyone understanding the same goal. I mostly watched how the group stayed organized and adjusted when something was not working as expected.

By the end, the project came together well enough, and it was a good example of how teamwork and clear communication can make a group project move forward.",1,1,3,2,1,2,1,1,3,2,1,2,project_team_approved,confirmed,,,The existing scores are supported by the answer text and rubric.
official_weak_patch_personal_contribution_000040,ood_test_review_candidates,planning_activity,planning-only project,observer_no_personal_task,"In a team course project, the main focus was planning how the group would work together before any actual building started. Most of the time was spent in discussions about what needed to be done, how the work could be split, and how the team could stay aligned.

I attended the meetings and mostly listened to how the team talked through ideas and decisions. It was useful to see how they compared different approaches and tried to agree on a direction together. Since there was no single task assigned to me, the main thing was trying to understand the planning process and how collaboration shaped the project.

That experience showed me how important early planning is in a team setting, especially when several people need to agree before moving forward.",1,1,4,2,1,2,1,1,4,2,1,2,project_team_approved,confirmed,,,The existing scores are supported by the answer text and rubric.
official_weak_patch_personal_contribution_000050,ood_test_review_candidates,planning_activity,planning-only project,observer_no_personal_task,"In a team course project, the main activity was planning how the group would work together before anything else started. Most of the time was spent in discussions about the overall direction, how the team wanted to split the work, and what order things should happen in. I attended the meetings and listened to how the team talked through different ideas and decisions.

What stood out to me was how much collaboration mattered even before any actual building began. The team had to agree on the goal, understand each other’s ideas, and make sure everyone had a shared picture of the project. I mostly watched how those conversations developed and tried to understand how the planning process helped the group stay aligned.

By the end, the team had a clearer plan for moving forward, and it seemed to make the rest of the project easier to approach.",1,1,4,2,1,2,1,1,4,2,1,2,project_team_approved,confirmed,,,The existing scores are supported by the answer text and rubric.
official_weak_patch_personal_contribution_000054,ood_test_review_candidates,planning_activity,planning-only project,observer_no_personal_task,"In a team course project, the main focus was planning how the group would work together before anything else started. Most of the time was spent in discussions about what needed to be done, how the work should be divided, and how the team would stay aligned.

I mostly attended the meetings and listened to how the others approached the planning. It was useful to watch how they talked through different ideas, compared options, and tried to reach agreement. There was a lot of collaboration, and the project showed how important it is for a team to be clear before moving forward.

From that experience, a better understanding was gained of how planning can shape the rest of a project, even when the actual work has not started yet.",1,1,3,1,1,2,1,1,3,1,1,2,project_team_approved,confirmed,,,The existing scores are supported by the answer text and rubric.
official_weak_patch_personal_contribution_000058,ood_test_review_candidates,planning_activity,planning-only project,observer_no_personal_task,"In a team course project, the main focus was planning how the group would work together before any real build started. Most of the time was spent in discussions about what needed to be done, how the work could be divided, and what order made the most sense. I mostly listened in on those conversations and tried to understand how the team was approaching the project.

What stood out most was the collaboration. Different people had different ideas, so there were a lot of meetings where the team talked through options and tried to agree on a direction. It was interesting to watch how the plan changed a little as the group got a clearer picture of the project.

By the end, the team had a clearer plan and a better shared understanding of what needed to happen next. It was a good example of how important planning and communication can be before any actual development begins.",1,1,4,2,2,2,1,1,4,2,2,2,project_team_approved,confirmed,,,The existing scores are supported by the answer text and rubric.
official_weak_patch_personal_contribution_000060,ood_test_review_candidates,planning_activity,planning-only project,observer_no_personal_task,"In a team course project, the main focus was planning how the group would work together before anything else started. Most of the time was spent in discussions about what needed to be done, how the work should be divided, and what the overall approach should be. I mostly attended the meetings and listened to how the team talked through the project.

What stood out most was the collaboration. Different people had different ideas, so there was a lot of back-and-forth while they tried to agree on a direction. I watched how the team compared options, adjusted plans, and tried to make sure everyone understood the same goal. It was a good example of how important planning is before starting a project.

Even though no specific task was owned by me, it was still useful to be part of those conversations and try to understand how a team turns an idea into a plan. In the end, the project seemed to move forward in a clear way because the planning stage was taken seriously.",1,1,3,1,2,2,1,1,3,1,2,2,project_team_approved,confirmed,,,The existing scores are supported by the answer text and rubric.
official_weak_patch_personal_contribution_000062,ood_test_review_candidates,planning_activity,planning-only project,observer_no_personal_task,"In a team course project, the main focus was planning how the group would work together before anything else started. Most of the time was spent in discussions about the overall approach, how the work would be divided, and what the team needed to agree on first.

I mostly attended the meetings and listened to how the others talked through ideas and decisions. It was useful to see how the team compared different options and tried to understand what would be realistic for everyone. Since there was no specific task assigned to me, the main value was in observing how the planning process happened and how the group reached agreement.

The project showed me that planning can take a lot of attention at the beginning, especially when collaboration is important. In the end, the team seemed to get to a clear direction, and the project moved forward from there.",1,1,3,2,1,2,1,1,3,2,1,2,project_team_approved,confirmed,,,The existing scores are supported by the answer text and rubric.
official_weak_patch_personal_contribution_000066,ood_test_review_candidates,planning_activity,planning-only project,observer_no_personal_task,"In a team course project, most of the work was planning and discussion before anything else started. The team spent a lot of time talking through the goal, dividing the work, and trying to understand what each person would be responsible for.

I mainly attended the meetings and listened to how the group made decisions. It was useful to see how they compared ideas, agreed on priorities, and adjusted the plan when something was unclear. Since I did not own a specific task, I focused on understanding how the team approached collaboration and how planning helped everyone stay aligned.

From that project, it became clear that good planning can make the rest of the work much smoother, especially when several people are involved.",1,1,4,2,2,2,1,1,4,2,2,2,project_team_approved,confirmed,,,The existing scores are supported by the answer text and rubric.
official_weak_patch_personal_contribution_000068,ood_test_review_candidates,planning_activity,planning-only project,observer_no_personal_task,"One project that stands out was a team course project where the main focus was planning how the group would work together. Most of the time was spent in discussions about the overall approach, how the work would be divided, and what order things should happen in. I mostly attended the meetings, listened to the different ideas, and tried to understand how the team was making decisions.

What stood out to me was how much collaboration mattered before any actual work started. Different people had different opinions, so a lot of the planning was about finding a direction that everyone could agree on. I watched how the team talked through priorities, adjusted the plan when something did not seem realistic, and tried to keep things clear for everyone.

Even though I was not responsible for a specific task, it was still useful to be part of that process because it showed how important communication and planning are in a group project. In the end, the team seemed to reach a clearer path forward, and the project moved ahead in a more organized way.",1,1,4,2,1,2,1,1,4,2,1,2,project_team_approved,confirmed,,,The existing scores are supported by the answer text and rubric.
official_weak_patch_personal_contribution_000070,ood_test_review_candidates,planning_activity,planning-only project,observer_no_personal_task,"In a team course project, most of the work was planning and discussion before anything else started. The main focus was on understanding the goal, talking through ideas, and seeing how the team wanted to split the work. I attended the meetings and listened to how they discussed the project direction, the order of tasks, and the different opinions in the group.

What stood out most was the collaboration. Different people had different ideas, so a lot of time was spent comparing options and trying to agree on a simple plan that everyone could follow. I mostly watched how the team reached decisions and tried to understand how planning can save time later by making the next steps clearer.

By the end, the group had a general plan in place and a better shared understanding of what needed to happen next.",1,1,3,2,1,2,1,1,3,2,1,2,project_team_approved,confirmed,,,The existing scores are supported by the answer text and rubric.
official_weak_patch_personal_contribution_000074,ood_test_review_candidates,planning_activity,planning-only project,observer_no_personal_task,"In a team course project, most of the work was planning and discussion before anything else started. The main focus was on understanding the goal, talking through different ideas, and agreeing on how the team wanted to approach the project together.

Most of the time, meetings were spent listening to how the others were dividing the work, what the priorities were, and what might be realistic for the group to finish. Different opinions came up, so the team had to talk through them and settle on a direction that everyone could accept. A lot of the value came from seeing how the team reached agreement step by step.

That project showed how important planning is, especially when several people need to work together. Even without doing a specific task myself, it was useful to watch how the team discussed options, adjusted expectations, and built a shared understanding before moving forward.",1,1,4,2,1,2,1,1,4,2,1,2,project_team_approved,confirmed,,,The existing scores are supported by the answer text and rubric.
official_weak_patch_personal_contribution_000078,ood_test_review_candidates,planning_activity,planning-only project,observer_no_personal_task,"In a team course project, the main focus was planning how the group would work together before anything was actually built. Most of the time was spent in discussions about what the project should include, how the work could be divided, and what order things should happen in. I mostly attended the meetings and listened to how the team talked through different ideas.

What stood out to me was how important collaboration was at that stage. The team had to agree on a shared direction, and a lot of the progress came from everyone explaining their thoughts and trying to understand each other. I watched how decisions were made when there were different opinions, and it showed me that planning is not just about making a list of tasks, but also about getting everyone aligned.

The outcome was a clearer plan for the project and a better understanding of how a team can prepare before starting the actual work.",1,1,3,1,2,2,1,1,3,1,2,2,project_team_approved,confirmed,,,The existing scores are supported by the answer text and rubric.
official_weak_patch_personal_contribution_000080,ood_test_review_candidates,planning_activity,planning-only project,observer_no_personal_task,"In a team course project, most of the work was planning at the beginning. The team spent a lot of time discussing what the project should include, how the work would be divided, and what the overall approach should be. I mainly attended the meetings and listened to how the group talked through different ideas and decisions.

What stood out to me was how important collaboration was before any actual work started. The team had to agree on the direction first, and that meant a lot of discussion and trying to understand each other’s views. I watched how they compared options, adjusted plans, and tried to reach a shared understanding.

Even though I was not responsible for a specific task, it was still useful to be part of those planning conversations. It gave me a better idea of how a team can prepare before starting a project, and how planning can shape the rest of the work.",1,1,3,1,1,2,1,1,3,1,1,2,project_team_approved,confirmed,,,The existing scores are supported by the answer text and rubric.
official_weak_patch_personal_contribution_000082,ood_test_review_candidates,planning_activity,planning-only project,observer_no_personal_task,"In a team course project, most of the work was planning and discussion at the beginning. The team spent time talking through what the project should do, how the work could be split, and what order things should happen in. I mainly attended the meetings and listened to how the group made decisions.

What stood out to me was how much collaboration mattered before any actual work started. Different ideas were shared, and the team had to agree on a direction that everyone could understand. I mostly watched how the planning was adjusted when new concerns came up, and tried to understand how the group reached a common plan.

Even though I did not own a specific task, it was useful to see how a project can move forward through clear discussion and shared planning. It gave me a better sense of how teams prepare before building anything, and the outcome seemed positive overall.",1,1,3,1,2,2,1,1,3,1,2,2,project_team_approved,confirmed,,,The existing scores are supported by the answer text and rubric.
official_weak_patch_personal_contribution_000084,ood_test_review_candidates,planning_activity,planning-only project,observer_no_personal_task,"In a team course project, the main focus was planning how the group would work together before anything else started. Most of the time was spent in discussions about the overall approach, the order of tasks, and how the team wanted to divide the work. I mostly attended the meetings, listened to how the others were thinking through the project, and tried to understand how the plan was being shaped.

What stood out to me was how important collaboration was at that stage. The team had to agree on a direction first, and that meant listening to different ideas, comparing options, and making sure everyone had a shared understanding. Even though I did not own a specific task, watching that process gave me a better sense of how planning can reduce confusion later and help a group move more smoothly.

By the end, the team had a clearer plan for how to proceed, and the project felt more organized.",1,1,4,2,2,2,1,1,4,2,2,2,project_team_approved,confirmed,,,The existing scores are supported by the answer text and rubric.
official_weak_patch_role_relevance_000006,ood_test_review_candidates,team_activity,non-software team activity,non_software_team_activity,"One group project that stands out for me was in school when we had to work together on a class presentation about a social issue. Our group had to divide up the topic, gather information, and decide how to present it in a way that was clear and interesting.

I was involved mostly by supporting the group, sharing ideas, and helping keep the discussion organized when we were planning. I also helped make sure everyone had a part to contribute, so no one felt left out. What I liked about it was seeing how different people brought different strengths to the group.

It taught me that teamwork works best when people listen to each other and stay flexible. In the end, we were able to put together something we were all comfortable presenting, and it went well overall.",1,2,4,2,2,2,1,2,4,2,2,2,project_team_approved,confirmed,,,The existing scores are supported by the answer text and rubric.
official_weak_patch_role_relevance_000013,ood_test_review_candidates,team_activity,non-software team activity,non_software_team_activity,"One group project I remember from school was a class presentation where we had to work together to explain a topic and present it to the class. It was a good experience because everyone had to contribute in some way, even if our roles were different.

What stood out to me most was how the group had to stay organized and communicate clearly. Some people focused on gathering information, others helped put the ideas in order, and a few of us worked on making sure the presentation flowed well. I was involved in supporting the group and helping keep things coordinated, so I got to see how important it is for everyone to do their part.

In the end, the project went well, and it helped me understand how much easier things are when a team works respectfully and keeps each other on track.",1,2,4,2,2,2,1,2,4,2,2,2,project_team_approved,confirmed,,,The existing scores are supported by the answer text and rubric.
official_weak_patch_role_relevance_000027,ood_test_review_candidates,team_activity,non-software team activity,non_software_team_activity,"In school, I was part of a group project where we had to prepare a presentation on a topic for class. Our group divided the work by researching different parts, organizing the information, and deciding how we wanted to explain it to the class. I mostly helped by supporting the group’s overall direction and making sure the information we shared was easy to understand.

What I remember most is how important communication was. We had to listen to each other’s ideas, combine them into one clear message, and make sure everyone felt included. It was a good experience because it showed me how much smoother things go when people work together and stay organized.

In the end, we gave our presentation and it went well. I learned that even a simple school project can teach a lot about teamwork, cooperation, and being responsible for your part.",1,2,4,2,2,2,1,2,4,2,2,2,project_team_approved,confirmed,,,The existing scores are supported by the answer text and rubric.
official_weak_patch_role_relevance_000034,ood_test_review_candidates,team_activity,non-software team activity,non_software_team_activity,"One group project I remember from school was a class presentation where we had to work together on a topic and present it to the class. I was part of the group that helped organize the overall idea and make sure everyone knew what they were covering.

What stood out to me was how important communication was. We had to listen to each other, share ideas, and make sure the presentation felt connected instead of like separate parts. I mostly supported the group by staying organized and helping keep things moving smoothly.

It was a good experience because I saw how much easier things go when everyone contributes in their own way. In the end, we were able to put together something we felt good about, and it taught me a lot about teamwork and being reliable in a group setting.",1,2,4,2,2,2,1,2,4,2,2,2,project_team_approved,confirmed,,,The existing scores are supported by the answer text and rubric.
